CustomerID,Recency,Frequency,Monetary,Cluster,DistanceToCentroid
12346,326,1,77183.6,0,4.1539733300389985
12747,3,11,4196.01,2,0.7685124222222134
12748,1,206,31650.78,2,4.676352433963513
12749,4,5,4040.88,2,1.175286168270717
12820,4,4,942.34,0,1.37992200058232
12821,215,1,92.72,1,0.9467120435721678
12822,71,2,948.88,0,0.8398935533678905
12823,75,5,1759.5,0,1.0444157633757338
12824,60,1,397.12,1,0.68602972235356
12826,3,7,1474.72,2,1.2778356101783164
12827,6,3,430.15,0,1.2558068075720639
12828,3,6,1018.71,2,1.576824622727119
12829,337,2,293.0,1,0.8447591703699024
12830,38,6,6814.64,2,1.313028512407954
12831,263,1,215.05,1,0.6077225759471026
12832,33,2,383.03,0,0.8598833942404837
12833,146,1,417.38,1,0.4286743100914826
12834,283,1,312.38,1,0.6519059318480315
12836,60,4,2610.36,0,1.0438682810506403
12837,174,1,134.1,1,0.6233606189090821
12838,34,2,671.95,0,0.5601199260894721
12839,3,14,5591.42,2,0.8707202833072363
12840,144,4,2726.77,0,1.5271799899300162
12841,5,25,3991.58,2,1.2294496243431394
12842,71,2,1118.99,0,0.8541670554650166
12843,66,8,1702.26,0,1.387262968502364
12844,30,2,325.96,0,0.9628779930699763
12845,268,4,354.09,1,1.3014084883961092
12847,23,1,843.64,0,1.089437051832347
12849,32,2,992.65,0,0.4936126411887896
12851,97,1,131.81,1,0.6251721096311651
12852,295,1,311.55,1,0.681072624754224
12853,135,6,1957.1,0,1.526079639355373
12854,79,3,1316.25,0,0.8227916357558408
12855,373,1,38.1,1,1.7542858492045468
12856,8,6,2170.78,2,0.9550377684938487
12857,211,2,1106.4,1,1.275835940124664
12863,53,1,521.2,1,0.8809262612463455
12864,139,1,147.12,1,0.5120774066463165
12867,27,7,4009.34,2,0.9315932197036978
12868,186,6,1607.06,0,1.6714303619835678
12871,85,2,380.64,1,0.5824289019884131
12872,327,2,599.97,1,1.0518541673600652
12873,283,1,374.0,1,0.6961673967637576
12875,144,2,343.23,1,0.4599569375527762
12877,4,12,1535.77,2,1.006945515703688
12878,237,2,854.99,1,1.1269560169018131
12879,45,3,573.22,0,0.516511445084893
12881,276,1,298.0,1,0.6272417070193939
12882,10,2,1463.04,0,0.966061707703154
12883,25,4,703.47,0,0.35617232114217123
12884,89,1,309.05,1,0.35876724631420953
12885,64,3,1175.22,0,0.6433008180566345
12886,68,2,1378.4,0,0.8756225895168235
12888,215,2,354.12,1,0.6100170223834054
12890,25,1,376.72,1,1.2708358146963674
12891,186,3,331.0,1,0.8882604467275151
12893,31,1,176.55,1,1.129007595692562
12895,43,2,372.8,0,0.9242299857829803
12897,205,2,216.5,1,0.5610343562416152
12901,9,28,17654.54,2,1.745917773157154
12902,265,1,138.68,1,0.7838151462863532
12904,19,2,496.06,0,0.750430712095753
12906,12,5,2919.81,2,1.0593813379735495
12908,177,2,750.0,1,0.9604072272970561
12909,40,5,2178.67,0,0.9130416336785098
12910,24,8,3075.04,2,0.7965682488773708
12912,3,5,1662.3,2,1.4689203696763429
12913,5,5,2483.63,2,1.1854437945698593
12915,149,2,363.65,1,0.48850976670729507
12916,139,4,2944.95,0,1.54247579288715
12917,129,1,594.0,1,0.6792132598827156
12919,9,6,1335.19,0,1.1610114463722905
12920,18,1,162.78,1,1.5260685255341444
12921,10,37,16587.09,2,2.0295196634462402
12922,162,1,405.38,1,0.4355007445396621
12923,65,1,171.57,1,0.6464969574348264
12924,89,4,925.75,0,0.8996131755994339
12925,5,2,694.05,0,1.3252876843536485
12928,36,5,2062.7,0,0.8604815951902849
12929,312,1,117.85,1,0.9588215834457773
12930,79,2,415.8,1,0.6502813562359127
12931,22,15,42055.96,2,1.9927517540748576
12933,25,3,607.53,0,0.35057726668447026
12935,3,7,2160.7,2,1.1023767061347123
12936,18,4,1063.9,0,0.44244937454050515
12937,16,4,1504.27,0,0.6340929353874081
12938,26,1,114.14,1,1.3836012310685206
12939,65,8,11581.8,2,1.6577425111173814
12940,55,2,899.69,0,0.6910225136426789
12942,132,3,675.6,1,1.1145992627510737
12944,36,2,604.51,0,0.6141328346716579
12945,289,1,462.95,1,0.7931627744648516
12947,144,6,1603.99,0,1.5092988311514863
12948,17,7,2064.95,2,0.9004537860868714
12949,31,8,4167.22,2,0.9224116114031745
12950,3,3,1843.0,0,1.6243959686342682
12951,9,6,1064.07,0,1.1278168023375634
12952,6,4,1387.79,0,1.1757235675767872
12953,10,1,329.85,0,1.5488830931509878
12955,2,11,4757.16,2,0.994532069064251
12956,307,1,108.07,1,0.9983126695508746
12957,10,8,4017.54,2,0.41757195648597434
12962,8,2,266.39,0,1.4273735137148058
12963,9,8,1856.63,2,0.7736745962846535
12965,90,1,769.81,1,0.9193047319325214
12966,10,1,160.18,0,1.919926839773082
12967,359,2,1660.9,1,1.7204617161432962
12968,113,1,135.95,1,0.5739128335823267
12970,8,4,405.47,0,1.1494156101649988
12971,4,86,11189.91,2,3.078471184814349
12974,198,1,144.8,1,0.6180646089044692
12976,212,1,738.6,1,0.9321788110361285
12977,157,1,39.24,1,1.537350405620639
12980,158,9,7374.9,2,2.1172937650738524
12981,30,2,372.22,0,0.8724503522949283
12982,243,1,390.54,1,0.614566989214133
12984,19,1,97.5,1,1.6431067234458852
12985,1,2,1239.38,0,2.123859482001795
12987,74,2,558.7,1,0.8305994500838829
12988,293,1,505.82,1,0.8433937389040668
12989,4,15,6924.11,2,0.8416232092004527
12990,32,3,409.5,0,0.6587891872521245
12991,24,2,503.76,0,0.6930406090060673
12993,24,4,414.76,0,0.7042178184915968
12994,5,3,974.42,0,1.216212008208341
12995,86,1,211.32,1,0.39954505911604743
12997,23,4,1226.89,0,0.3860285595811701
12999,197,3,455.88,1,0.9873628126123427
13000,107,3,534.85,1,1.0058951784395902
13001,5,13,9785.97,2,0.8586200490479862
13002,319,1,120.95,1,0.9572799054592441
13003,106,3,149.05,1,0.9503748556405435
13004,12,18,5655.91,2,0.7358439481573532
13005,174,2,513.7,1,0.7067099129086563
13006,57,1,81.57,1,1.1356971480112554
13008,324,1,229.47,1,0.7453454175370143
13011,373,1,50.55,1,1.5627839055006476
13012,10,8,1646.84,2,0.8534565018945983
13013,2,13,4810.94,2,1.0221837877085784
13014,11,10,3466.28,2,0.2039491949465891
13015,54,5,3339.64,0,1.2624263670998512
13016,74,3,789.89,0,0.7318116234427609
13017,8,1,204.0,0,1.8534257090768047
13018,17,28,7277.7,2,1.428529401453558
13021,5,9,2616.38,2,0.6460741075161464
13023,65,2,599.9,0,0.8576103240412665
13026,2,5,975.36,0,1.8254701738075558
13027,114,6,6912.0,2,2.0077094544649046
13028,23,2,661.32,0,0.5703553216131277
13029,31,3,1247.5,0,0.2607105787736921
13030,12,2,752.44,0,0.8029844562883379
13032,53,2,1010.18,0,0.6753193064901957
13033,358,1,190.55,1,0.8515664471090751
13034,55,2,642.77,0,0.7483853297002365
13035,74,2,921.88,0,0.865306329754112
13037,139,3,881.07,0,1.1987198656275575
13038,81,3,908.46,0,0.7896551218531387
13040,9,2,676.99,0,0.9846539914556058
13043,274,1,516.42,1,0.816570239564649
13044,292,1,560.47,1,0.8947877156133556
13045,100,1,305.28,1,0.2932802506165356
13046,31,2,629.31,0,0.5737104270930521
13047,57,9,3232.59,2,1.320319888480004
13048,15,4,1819.41,0,0.766267579612332
13049,65,2,656.68,0,0.8312052307917039
13050,15,17,5833.11,2,0.7214033193684135
13052,213,1,348.15,1,0.4898299146932784
13055,79,3,1214.41,0,0.8024325560676581
13058,25,3,271.4,0,0.9857414541050533
13059,250,1,183.4,1,0.6216402892669786
13060,254,1,307.53,1,0.5731527445996311
13061,73,1,248.61,1,0.4683445224168953
13062,192,1,346.98,1,0.42812080960653864
13064,13,4,1105.59,0,0.643132510331164
13065,374,1,205.86,1,0.8661581444563959
13066,25,2,470.8,0,0.727585310935399
13067,83,1,115.46,1,0.7631399171811393
13068,11,2,344.0,0,1.1498951219254918
13069,1,24,4431.44,2,1.6918665445295564
13070,193,1,228.8,1,0.38883630674570974
13072,267,1,177.15,1,0.6762543332683587
13075,130,1,919.61,1,1.0203985496315817
13077,2,4,728.02,0,1.7748697241582647
13078,4,26,12627.94,2,1.6078018258487026
13079,5,5,220.1,0,1.7543194389787344
13080,180,1,58.08,1,1.2512731412729288
13081,12,11,28337.38,2,1.5490913016372672
13082,127,9,3613.63,2,1.9054049648835745
13083,5,2,303.75,0,1.5799603457689695
13085,158,2,416.08,1,0.5641400364713932
13089,3,97,58762.08,2,3.82907979013893
13090,9,13,8895.82,2,0.6573904348608691
13091,29,1,345.82,1,1.150999174201101
13092,71,5,477.83,0,1.0183751618522996
13093,276,8,7832.47,2,2.560672752858335
13094,22,12,1927.32,2,0.8501502399033598
13095,71,1,74.4,1,1.1216774351613719
13097,33,10,6003.22,2,0.9261903190568077
13098,2,28,28882.44,2,2.257988851707861
13099,100,1,207.36,1,0.3318738855686691
13101,235,1,101.19,1,0.9182265440243266
13102,2,24,6424.09,2,1.5073882018058542
13103,40,1,243.94,1,0.8983527760834171
13104,4,6,1098.48,2,1.455925514630121
13106,134,1,76.5,1,1.0093644513976812
13107,45,4,1531.62,0,0.5991417484861878
13108,373,1,350.06,1,0.8706207938744075
13109,60,2,786.54,0,0.7497733752678656
13110,32,7,1488.67,0,1.0373792988423363
13113,1,24,12245.96,2,1.9010856385284711
13115,12,4,2294.78,0,0.9995391282977711
13116,139,1,501.14,1,0.5538190774186311
13117,22,8,984.91,0,1.147526697981367
13118,20,5,1197.81,0,0.6304141668380948
13120,239,1,30.6,1,1.7873034635336305
13121,270,1,283.73,1,0.6065927138626248
13122,95,2,922.39,0,1.0276957125619415
13124,90,3,3756.33,0,1.4264004356962234
13126,5,8,2099.64,2,0.827942268587396
13127,78,1,259.17,1,0.4212518326748928
13130,95,1,64.0,1,1.169254972985305
13131,24,3,1073.3,0,0.1835106239200215
13132,262,1,77.3,1,1.1408500247498938
13133,274,2,109.8,1,0.9952553551889616
13134,86,4,1793.58,0,1.026375259776877
13135,197,1,3096.0,1,2.0140901697131213
13136,57,5,2607.61,0,1.1232470067186917
13137,11,8,3603.29,2,0.438280248793309
13138,23,6,962.39,0,0.7782901934040639
13139,17,7,5064.94,2,0.7204223116722377
13140,109,3,422.47,1,0.9109621018135378
13141,85,5,2388.75,0,1.2467591144744925
13142,20,1,307.09,1,1.4053700995228617
13144,333,1,110.95,1,1.0266168514811154
13145,40,4,618.52,0,0.48955714035071135
13146,27,1,228.91,1,1.1881363790330188
13147,11,4,712.8,0,0.7622745883210047
13148,30,12,3683.26,2,0.8139843134889813
13149,15,4,1676.06,0,0.7205463764003948
13151,296,1,1257.87,1,1.42107330645034
13153,6,1,486.22,0,1.6192115304389714
13155,34,4,971.76,0,0.30403708861947365
13157,50,4,1741.22,0,0.7175087007303459
13158,95,4,1201.06,0,0.9708204262843881
13159,9,4,1429.35,0,0.9352941760549528
13160,23,1,91.8,1,1.5494021698756812
13161,314,1,112.75,1,0.9862999883379809
13162,123,4,1688.29,0,1.236453905788432
13165,47,2,1021.48,0,0.6174894879006142
13166,284,1,417.2,1,0.7379144473510805
13167,19,4,779.33,0,0.4187107282794487
13168,37,4,1299.59,0,0.4343826124188737
13169,64,2,712.88,0,0.8032204153687871
13170,27,1,108.81,1,1.3788665521205665
13171,22,3,468.41,0,0.5758708812576475
13173,5,2,353.65,0,1.5146566175787255
13174,17,3,2738.82,0,0.9549321592878439
13176,47,1,481.49,1,0.9156761668599044
13177,65,1,282.45,1,0.5490938218876695
13178,27,11,5725.47,2,0.7652690003512143
13182,46,1,121.18,1,1.0097048712104708
13183,8,9,3957.78,2,0.3034369797226265
13184,15,10,1667.95,2,0.8000654964412919
13185,268,1,71.4,1,1.2034845930553453
13186,40,3,1575.89,0,0.5066646958106293
13187,338,1,236.02,1,0.7732058987152193
13188,12,1,114.6,1,1.8864479317251361
13189,19,2,260.68,0,1.158150427192172
13192,96,2,911.94,0,1.0347302892046981
13193,62,1,112.08,1,0.8978004964144098
13194,136,1,60.7,1,1.1900785557805762
13196,12,4,1797.78,0,0.8655626515456778
13198,11,6,3401.24,2,0.8051863826093473
13199,4,37,9802.12,2,1.927108641460247
13200,20,4,870.09,0,0.37300644595024457
13203,10,4,869.46,0,0.7978743448899974
13207,16,2,250.26,0,1.2234197515415197
13208,60,5,1193.17,0,0.8035511248248112
13209,31,8,5891.61,2,0.9639931397877775
13210,94,1,353.48,1,0.3828590233788492
13211,11,3,1095.42,0,0.700183386636363
13212,20,3,786.83,0,0.2903899716985729
13213,57,5,1520.58,0,0.8505056954320022
13216,268,1,333.74,1,0.6271931655627048
13217,123,3,533.98,1,0.9966914067177584
13218,128,1,62.64,1,1.1645218013754188
13220,79,4,819.29,0,0.819301998677197
13221,241,2,844.86,1,1.124394866150106
13223,201,2,163.2,1,0.6537006370225203
13224,61,2,2152.95,0,1.0137368007126526
13225,4,7,6463.84,2,0.9112961224891184
13226,274,1,108.21,1,0.9416113573736627
13227,202,1,257.7,1,0.40177884766366356
13228,82,1,358.0,1,0.458161095634294
13229,226,1,160.95,1,0.620840901910943
13230,5,14,2755.63,2,0.65606301976886
13232,13,7,1327.75,2,1.107405578918269
13233,75,2,605.12,1,0.8733703896294056
13235,213,1,1031.07,1,1.177227666327591
13236,25,2,744.85,0,0.5184631420136001
13238,18,4,700.73,0,0.47943428370293967
13239,262,1,329.56,1,0.6086553237540918
13240,97,4,648.7,0,1.002065088983294
13242,113,3,270.4,1,0.8262108282827256
13243,204,1,585.12,1,0.7572525892337296
13244,93,1,121.74,1,0.6925662927777756
13245,51,1,430.5,1,0.8194077933894851
13246,19,6,1961.52,0,1.0183464138339762
13247,18,4,501.12,0,0.6480877332164243
13248,125,2,465.68,1,0.6049421233870808
13249,93,3,711.41,0,0.917378559819283
13253,157,2,1030.4,1,1.1737709552205629
13255,10,2,399.51,0,1.1147165353768507
13258,12,3,672.83,0,0.6735487592472467
13259,62,1,283.18,1,0.582501752406098
13260,62,1,557.62,1,0.8339420954803756
13261,269,2,944.1,1,1.2356974903437719
13262,264,1,200.29,1,0.6281029540756962
13263,2,34,7411.71,2,1.9181370928330284
13265,54,5,2092.66,0,0.9776829714152561
13266,12,12,3834.26,2,0.19305392321778705
13267,3,19,4521.49,2,1.079630465836213
13268,18,10,3152.71,2,0.49427050604653205
13269,2,15,5343.28,2,1.0959208935385774
13270,367,1,590.0,1,1.050035161106691
13271,38,1,211.49,1,0.9503012394283834
13272,32,2,276.56,0,1.0818260297182751
13273,114,1,138.98,1,0.5565945960704081
13276,64,2,590.93,0,0.854146978408363
13277,16,4,258.4,0,1.1332320697691594
13278,41,1,542.73,1,1.0510693095245696
13279,79,1,137.75,1,0.6644425255334216
13280,123,3,798.46,0,1.1112937453152185
13282,19,3,1132.14,0,0.34187997540528225
13283,60,2,93.66,1,1.081879775803272
13284,331,1,201.19,1,0.7834528379744777
13285,24,4,2709.12,0,0.9169248998675807
13291,156,1,361.11,1,0.3534371356608575
13292,39,2,578.94,0,0.6531523585354898
13294,190,2,873.74,1,1.0829189777013455
13295,360,1,201.2,1,0.8432080217759873
13296,138,1,87.4,1,0.9070652533691652
13297,8,4,2089.85,0,1.1504737248152412
13298,2,1,360.0,0,2.183748908528722
13299,269,1,142.5,1,0.7780179237524539
13300,170,1,371.89,1,0.402017213407677
13301,104,4,600.19,0,1.0692950597651272
13302,156,1,63.75,1,1.160973900425412
13304,352,1,300.42,1,0.8045438548455838
13305,5,10,2000.86,2,0.7555899439726047
13307,121,1,15.0,1,2.2672264119796464
13308,23,3,1385.51,0,0.3677677079298286
13309,8,5,1456.79,0,1.1136919065456925
13310,29,3,1132.03,0,0.17785874383392689
13311,5,2,598.57,0,1.3506659228626594
13313,23,5,1555.32,0,0.6992016553173461
13314,2,3,775.94,0,1.7507111564012954
13316,38,4,5732.93,0,1.5112377140667497
13317,67,6,2273.68,0,1.2349024098811412
13318,2,3,640.76,0,1.7693648723103577
13319,6,26,10845.55,2,1.46283274117668
13320,79,4,1532.2,0,0.9114717753204393
13321,73,2,567.36,1,0.8446677574100856
13322,18,1,199.48,1,1.4930822481216983
13323,4,5,787.85,0,1.4610079037454704
13324,37,10,7121.95,2,1.0550339684632293
13325,82,1,675.3,1,0.847189829627967
13327,39,8,3627.77,2,1.0831266122419336
13328,317,1,1308.48,1,1.4729828870992179
13329,32,2,789.0,0,0.505071268199492
13330,93,3,1140.93,0,0.9104628757681771
13332,15,1,350.9,0,1.4042408973082057
13334,83,3,3502.32,0,1.3445994349841295
13336,78,1,795.12,1,0.9794329506131109
13338,158,1,437.02,1,0.47766505330341874
13339,201,1,860.12,1,1.0276724991832094
13340,46,7,10736.48,2,1.4755589450094446
13341,261,1,775.85,1,1.0408725535067864
13343,178,1,303.43,1,0.33950506681517956
13344,68,3,2511.69,0,1.0415477039965475
13345,288,1,339.5,1,0.6810123292025939
13347,71,1,291.36,1,0.4912395224590508
13348,65,1,233.76,1,0.5551640459622162
13349,11,1,197.32,0,1.7750736469970196
13350,17,2,879.12,0,0.6100783052751791
13351,67,1,323.94,1,0.5500876100500525
13352,61,1,347.98,1,0.6313005026150987
13354,72,1,743.53,1,0.956844880106641
13355,123,1,674.7,1,0.7781286428784084
13356,81,1,768.24,1,0.9438013591190156
13357,258,1,609.4,1,0.8809665091614772
13358,269,1,389.03,1,0.6766173799951298
13359,64,1,389.56,1,0.6385283811551572
13362,10,4,3090.74,0,1.258448433895927
13363,18,2,892.5,0,0.5850599529656102
13364,72,1,134.96,1,0.7173004599058667
13365,34,2,2225.37,0,0.8685506615514387
13366,51,1,56.16,1,1.428731242652342
13368,257,2,573.4,1,0.9110956109734399
13369,366,1,258.28,1,0.8269847846780943
13370,372,1,754.87,1,1.1889789704987583
13372,90,1,328.64,1,0.37283570780454794
13373,61,3,3312.25,0,1.1802401957388007
13375,89,1,778.65,1,0.9303170341878146
13376,100,3,869.76,0,0.949777563291925
13379,27,3,572.56,0,0.38692228423266073
13381,32,6,3639.31,2,1.1597649945393647
13382,281,1,222.99,1,0.6471346542977491
13384,31,7,4151.93,2,1.0123050081172333
13385,330,1,534.57,1,0.939514247968382
13388,132,2,677.1,1,0.8544507407209194
13389,12,3,797.96,0,0.6353026952557628
13390,75,1,544.08,1,0.732224995879096
13391,204,1,59.8,1,1.2527997994099866
13394,2,8,2520.02,2,1.1459591569535081
13395,186,1,307.72,1,0.368762824381135
13396,30,2,1360.99,0,0.5767455917680407
13397,73,5,1544.13,0,0.9813484772983944
13398,193,1,457.34,1,0.5759848155500058
13402,128,2,621.23,1,0.7935442738467846
13403,18,1,75.0,1,1.7857466547664165
13404,2,2,252.49,0,2.0859082993547675
13405,205,2,557.45,1,0.8051957654605156
13408,2,62,28117.04,2,3.0480150506110855
13410,25,5,1003.06,0,0.5482260507684091
13411,108,1,213.55,1,0.28889774019825587
13414,134,3,1390.5,0,1.2166229895022342
13416,44,2,712.5,0,0.6176094865513754
13417,5,2,640.83,0,1.337716930490067
13418,12,18,6127.43,2,0.7599052833211815
13419,64,1,221.06,1,0.5753443495485655
13420,150,2,159.85,1,0.5794829050508588
13421,41,2,1823.21,0,0.780923311958185
13422,65,1,2626.3,0,1.5019262738528987
13425,109,3,1624.21,0,1.1121391464492214
13426,1,10,3641.32,2,1.309030048259899
13427,20,3,582.6,0,0.4507149489426048
13428,11,1,201.78,0,1.762674920970099
13429,11,4,1006.8,0,0.7378167202725611
13430,19,2,679.45,0,0.6135245155574586
13431,68,2,1269.1,0,0.8532028494962917
13434,75,2,534.24,1,0.7998354289405626
13435,6,7,3809.89,2,0.6842272888578811
13436,2,1,196.89,0,2.3939436359471844
13437,15,7,3408.06,2,0.6772499394694289
13439,256,1,283.71,1,0.568536718546539
13441,92,1,296.64,1,0.3293536356813213
13447,24,3,1129.14,0,0.21317776727328874
13448,17,6,3534.69,2,0.8834319432147468
13449,24,1,291.88,1,1.2707181086165724
13450,27,6,2043.72,0,0.9969837217539049
13451,27,5,2898.26,0,1.0675172639607229
13452,260,2,590.0,1,0.9320059935531617
13453,166,2,356.98,1,0.5073977957865553
13455,25,2,1058.34,0,0.5027666664301834
13456,18,6,1766.72,0,0.9829775896021812
13458,8,14,9646.57,2,0.7685353357622297
13460,30,2,183.44,1,1.1951945630400445
13461,39,3,1445.0,0,0.4380622864029036
13462,253,1,151.5,1,0.7130486635543437
13464,59,1,674.68,1,0.9718305468897365
13466,185,1,307.9,1,0.36573426247753293
13467,11,2,1071.91,0,0.8448896138575668
13468,2,37,5704.97,2,1.9806873621100203
13470,100,2,165.0,1,0.5786153326651406
13471,2,4,2501.84,2,1.6676237632625817
13473,61,2,422.64,1,0.7823870058034119
13474,237,1,226.84,1,0.525288825981171
13475,192,4,1431.78,0,1.509704264087627
13476,179,2,1238.47,1,1.328191994773634
13477,38,6,1454.58,0,0.874338352057189
13479,201,2,300.95,1,0.5382274120895545
13481,46,5,1804.56,0,0.8433683425803629
13482,233,1,184.64,1,0.5754967259047087
13483,66,1,140.34,1,0.7369390047971572
13484,242,1,313.8,1,0.5434854946517845
13485,234,1,454.24,1,0.6640931621080279
13486,79,3,1122.41,0,0.7871698894086198
13487,58,3,575.4,0,0.6574062669826409
13488,18,13,8968.31,2,0.7845112682033519
13489,106,4,449.52,0,1.176784414680588
13491,52,10,1215.82,0,1.5126805429450354
13494,312,1,316.26,1,0.7236001693086948
13495,8,5,2044.87,2,1.1709945700027118
13496,11,2,653.33,0,0.8799101635629313
13497,283,2,348.05,1,0.7590568229923778
13499,18,5,1159.11,0,0.6571666363983365
13500,24,3,1166.77,0,0.23413642658223605
13502,17,3,292.0,0,0.9955073682584669
13503,72,1,216.85,1,0.5008668629326437
13504,65,1,295.93,1,0.5539976255723831
13506,317,2,458.52,1,0.9140189292645323
13507,4,4,2479.16,2,1.4720225963653946
13508,244,1,110.97,1,0.8736461122300646
13509,9,6,964.72,0,1.122379389497682
13510,2,4,1791.56,2,1.75284865785729
13512,261,1,251.21,1,0.5808927626051033
13513,127,1,205.1,1,0.282226636302725
13514,74,1,152.2,1,0.6348906794902816
13515,73,4,891.12,0,0.7583627730821006
13516,22,3,1389.41,0,0.38440802708462907
13517,60,3,2128.42,0,0.8791265363474593
13518,86,1,627.16,1,0.7803777149272315
13519,79,1,122.75,1,0.7387995433605371
13521,2,3,1070.47,0,1.749618655923549
13522,31,1,125.8,1,1.2339628650364207
13523,34,5,3964.88,0,1.2981622562497745
13524,41,5,680.18,0,0.6495415184823039
13525,15,2,628.78,0,0.7345989911163585
13527,34,7,2242.36,2,1.178581153105107
13529,79,2,307.76,1,0.552722859481448
13531,206,2,483.8,1,0.7264014810220865
13532,34,1,210.31,1,1.0308732853882712
13533,183,3,269.09,1,0.8657740072288286
13534,3,25,5870.08,2,1.4028131908677617
13536,2,7,3444.39,2,1.160964663936376
13538,44,7,1280.85,0,1.0472242213834175
13539,86,3,631.34,0,0.8878231898922966
13544,40,2,276.06,1,0.9615494321218685
13546,13,3,621.09,0,0.6501732287307057
13548,97,2,678.16,1,0.879947953272256
13549,26,7,918.2,0,0.9602877458317771
13551,320,1,91.8,1,1.1146849117432096
13552,67,12,3740.07,2,1.4078362000030733
13555,74,4,4098.88,0,1.4255220333683412
13557,29,2,584.06,0,0.6042117953358199
13558,6,4,594.52,0,1.1815141230438482
13560,8,1,171.42,0,1.9470485720696664
13561,216,1,141.86,1,0.6684230454457449
13562,82,3,1799.33,0,0.9638302981850064
13563,85,2,777.53,0,0.9636325526441196
13564,355,2,1174.03,1,1.4835830827539873
13565,20,2,240.22,0,1.2073484475957184
13566,41,2,856.84,0,0.5574283679408323
13568,174,1,187.05,1,0.413294419749499
13569,18,2,337.12,0,0.9955381742995456
13570,244,1,239.49,1,0.5372471320499764
13571,13,12,2088.94,2,0.5982693369448089
13572,206,1,1384.25,1,1.3929240881006426
13573,51,2,290.25,1,0.8025333191508623
13575,24,5,732.07,0,0.5794411586796946
13576,11,18,6717.34,2,0.7850986317358404
13577,26,4,1687.6,0,0.5602518731090546
13579,15,2,467.04,0,0.861706688636045
13581,310,1,118.0,1,0.9546567296193643
13583,156,1,781.03,1,0.9049565921603764
13584,307,1,142.4,1,0.8547191104405185
13587,64,1,712.4,1,0.9718310575209985
13588,16,9,2478.95,2,0.5971385346480881
13589,15,2,379.65,0,0.9752649606403815
13590,12,6,1981.92,2,0.9949624460088022
13591,65,3,1117.13,0,0.6432997175733118
13592,36,4,247.96,0,1.100312155274409
13593,109,5,2011.88,0,1.306726800120952
13594,53,1,396.97,1,0.7651979982778222
13596,6,2,664.11,0,1.2252225424712144
13598,48,1,160.04,1,0.8624990820441917
13599,2,21,5149.92,2,1.344756356278827
13600,313,1,219.52,1,0.7266868183259242
13601,46,2,693.32,0,0.6433232388162607
13602,65,1,428.89,1,0.6705997568560378
13603,27,1,164.34,1,1.2421025870815736
13606,30,3,276.75,0,0.9668067997164214
13607,41,1,675.51,0,1.1384086955100308
13610,13,7,1082.33,0,1.1202769554295746
13611,90,3,1154.4,0,0.8880504150364285
13614,25,4,1585.46,0,0.5214464576923185
13615,319,1,417.69,1,0.8131083910862178
13617,41,3,544.18,0,0.5070026755663292
13618,174,1,177.34,1,0.44294462571614923
13621,117,1,213.85,1,0.26733451376575346
13623,31,5,727.74,0,0.5720420733898682
13626,253,1,257.23,1,0.5576334694883448
13627,60,5,1638.47,0,0.904029505738809
13629,24,11,7792.36,2,0.8105656769523327
13630,6,7,2031.78,2,0.8916023579508577
13631,100,11,3070.42,2,1.7200170243210016
13632,25,5,2118.93,0,0.8634624320720226
13634,34,5,1547.36,0,0.6931607875618444
13635,68,1,1071.03,1,1.2360230742251606
13636,37,5,949.12,0,0.5722209760655675
13637,53,3,803.05,0,0.48385146040340515
13638,16,1,122.64,1,1.6767787471610938
13639,75,1,1033.34,1,1.182778380252039
13642,216,1,312.28,1,0.46622178314636986
13643,32,3,519.44,0,0.47156256339313124
13644,17,4,2624.26,0,0.9598795921428649
13645,121,1,252.1,1,0.2038673503637466
13647,10,4,1648.12,0,0.9242554693503818
13649,257,2,346.6,1,0.7006463273090365
13650,17,6,1836.34,0,1.0143829285367634
13651,40,1,79.2,1,1.314548405919993
13652,46,3,1095.08,0,0.3921197439777256
13654,44,6,2707.33,0,1.200697805416705
13655,115,2,932.97,1,1.0912521285293086
13656,165,2,379.65,1,0.5309615534934053
13657,11,2,382.14,0,1.0936976595508117
13658,10,5,2639.17,2,1.0757799847216707
13659,206,2,1563.0,1,1.5263566282763814
13662,86,3,881.26,0,0.8354789721602217
13663,180,1,189.47,1,0.4220120618952967
13666,61,3,84.65,1,1.345784581218431
13667,150,1,299.05,1,0.2524224895228447
13668,3,21,6309.83,2,1.2265210910232804
13669,51,2,218.55,1,0.8132614909615605
13670,76,1,349.7,1,0.4927613638133139
13672,302,2,186.39,1,0.8172034988936906
13673,19,2,387.44,0,0.8939756887861205
13675,152,2,486.82,1,0.645937751121731
13678,152,1,232.6,1,0.25844309892594086
13680,2,4,3719.12,2,1.6192721516254864
13681,18,4,827.83,0,0.4350374370299455
13682,188,1,59.5,1,1.2403055192112957
13684,286,1,65.13,1,1.2900928264313962
13685,3,7,3119.44,2,0.9957366874804071
13686,183,1,72.0,1,1.0910475810395621
13689,64,1,910.0,1,1.1385336784958504
13690,60,1,172.25,1,0.6934759388901232
13692,25,3,1488.32,0,0.4018194298558038
13694,4,50,65039.62,2,3.1275964768479136
13695,32,15,2504.13,2,1.0324989472573645
13697,39,1,151.3,1,1.0174719433589063
13699,156,1,308.58,1,0.278577132144279
13700,27,10,2248.63,2,0.8825577233191149
13703,319,1,99.5,1,1.0653691320991685
13704,6,9,2308.06,2,0.6391645209413135
13705,8,3,711.86,0,0.9286273008817156
13706,303,1,330.79,1,0.7108902659364413
13707,268,2,806.41,1,1.131729949571424
13708,272,1,283.33,1,0.6117883109120404
13709,4,13,6307.65,2,0.7233106198807424
13710,32,1,180.48,1,1.1018390587677525
13711,219,2,252.06,1,0.5741616182107622
13712,247,1,228.84,1,0.5522399851443217
13715,282,5,1077.39,0,1.8207254044769827
13716,270,1,138.28,1,0.7955022162745451
13717,33,6,1445.01,0,0.8518803681667086
13718,247,2,306.55,1,0.6529559417702891
13719,16,5,1041.68,0,0.6863372803926634
13720,117,4,799.9,0,1.1049169981838993
13721,37,1,524.14,1,1.1000809604450978
13722,132,3,2375.41,0,1.3873864929495439
13723,218,1,199.85,1,0.5049183148072217
13725,50,8,1980.56,0,1.3561286732277475
13726,39,2,1079.66,0,0.5521635126866882
13727,29,2,333.48,0,0.9462969960736745
13728,37,6,1016.14,0,0.7917875993141796
13730,136,2,752.6,1,0.9312730082803146
13731,220,2,610.59,1,0.884896868598432
13732,29,1,491.86,0,1.1881639747287323
13735,25,4,2883.54,0,0.9612407545263005
13736,6,2,729.8,0,1.2113061143439159
13737,201,1,339.6,1,0.4460670439822297
13739,19,1,216.9,1,1.445797348749156
13740,241,1,350.75,1,0.5700243947443318
13741,72,3,668.43,0,0.7463436198795559
13742,17,12,3107.87,2,0.46522870133116406
13743,3,7,1341.6,2,1.3286905470177308
13744,96,2,1080.52,0,1.042764772143782
13745,163,1,300.04,1,0.2895718727083144
13747,374,1,79.6,1,1.2758308311352062
13748,96,5,948.25,0,1.061533737792013
13750,54,5,1647.26,0,0.8594506425944665
13751,289,1,296.25,1,0.6595736286779853
13752,125,6,1175.38,0,1.3658620571419644
13753,288,1,741.26,1,1.0530371686022209
13754,152,2,282.6,1,0.42390475727962434
13755,4,9,2108.06,2,0.8510900944008493
13756,3,14,5189.52,2,0.8562688752777844
13758,12,7,3190.55,2,0.640900277739256
13759,34,2,659.41,0,0.5670943231262078
13760,55,2,286.79,1,0.7532440115230996
13761,51,2,1070.65,0,0.662639738450812
13762,219,1,306.72,1,0.4714257747104754
13763,64,1,1714.96,0,1.3345052809062787
13764,71,3,1516.42,0,0.7987744325248014
13767,3,37,17220.36,2,2.185728313071893
13769,3,10,2796.51,2,0.8409999177111137
13771,65,4,2634.45,0,1.0832263457858724
13772,34,3,1122.63,0,0.21810406843776617
13774,82,1,345.0,1,0.44309063227428747
13777,1,33,25977.16,2,2.4923152933846464
13778,104,1,178.7,1,0.4004770694302043
13780,8,2,360.01,0,1.2709735807879525
13781,251,1,127.84,1,0.8007604898156718
13782,13,6,908.86,0,0.949126538975677
13784,10,11,2462.79,2,0.4213869344463735
13786,368,1,230.4,1,0.8380147234579979
13787,76,2,309.04,1,0.5730656122212497
13790,5,1,348.8,0,1.7995279107883093
13791,128,2,1516.0,0,1.295827712366604
13792,67,2,195.55,1,0.6739290858945548
13798,2,57,37153.85,2,3.074464689755862
13799,117,2,688.86,1,0.8687553890820265
13800,310,1,558.32,1,0.9255131242716089
13801,67,1,324.8,1,0.5507235091383861
13802,139,3,4599.42,0,1.763488580056731
13803,256,1,277.07,1,0.5669397433200738
13804,31,7,2588.39,2,1.0817404729310722
13805,53,2,924.6,0,0.6711221872641199
13806,64,1,256.38,1,0.557894816979294
13807,368,1,112.6,1,1.0747460365048174
13808,6,5,1747.66,2,1.2748241323753644
13819,302,3,1140.35,1,1.5758443818343564
13821,145,2,385.64,1,0.5104258132885847
13822,6,2,632.0,0,1.2343351649101302
13823,19,2,957.66,0,0.5641398056187682
13824,33,5,1698.94,0,0.7371464288528978
13826,177,1,189.5,1,0.41410653075241577
13827,58,3,409.8,0,0.8436264858587905
13828,23,1,209.49,1,1.3122731374751289
13831,17,6,2198.45,2,1.012969185983819
13832,20,1,52.2,1,1.9051622560719996
13833,160,1,383.85,1,0.39768367627436607
13835,26,4,834.57,0,0.2865256297672838
13837,212,2,266.59,1,0.5554766402331821
13838,6,4,674.82,0,1.1554190488159055
13841,253,1,85.0,1,1.0633383797213487
13842,59,9,3385.62,2,1.3403550345698827
13844,12,1,361.62,0,1.4517596523350784
13845,65,1,312.98,1,0.5631242814926861
13846,25,3,865.06,0,0.11970509449267377
13848,93,3,1255.0,0,0.9280736141557546
13849,52,2,1537.95,0,0.7796554896843233
13850,130,1,1595.48,1,1.4573858208066626
13851,96,3,2651.46,0,1.2516395303959051
13853,58,1,1090.14,0,1.2099576638972487
13854,9,25,8109.52,2,1.2623295077795904
13856,169,3,388.5,1,0.903006875263317
13858,58,1,216.17,1,0.6475119097732169
13859,327,1,201.16,1,0.774892959813723
13860,2,5,1245.9,2,1.714664319222141
13862,19,8,2209.36,2,0.8042829000046205
13863,248,1,305.78,1,0.5555424183540502
13865,59,4,501.56,0,0.7809827118900269
13866,75,1,145.67,1,0.653436199032361
13867,32,3,1005.09,0,0.12963808592639794
13868,8,2,3192.54,0,1.4313329940733819
13869,124,4,3083.65,0,1.4999186426765898
13870,3,8,2770.94,2,0.9331156907377495
13871,23,13,6403.25,2,0.7331948178573265
13873,120,3,389.6,1,0.8792537600714105
13874,359,1,540.45,1,0.994943655806991
13875,54,5,1786.79,0,0.8967405544202905
13876,64,1,122.7,1,0.8287059040816736
13877,87,1,117.24,1,0.7378906184393276
13878,55,1,1271.57,0,1.213221248563443
13880,22,13,3219.77,2,0.6490636248236847
13881,4,20,17159.52,2,1.5298169069010141
13882,3,5,1191.13,2,1.620047350531418
13883,11,5,2674.48,2,1.0746158749341168
13884,8,5,787.6,0,1.0579742172669317
13885,190,2,506.8,1,0.723951051538731
13886,72,1,243.56,1,0.4797066596603888
13887,205,1,349.55,1,0.4684623086898366
13888,120,2,595.67,1,0.7659408826783463
13889,93,1,416.9,1,0.4793293972107054
13890,2,10,1883.81,2,1.1822716253458116
13892,27,4,632.97,0,0.40424060870875256
13893,298,1,821.1,1,1.1334427587567641
13894,24,3,564.62,0,0.41468226289692495
13895,29,4,2593.07,0,0.8754248471639481
13897,51,1,311.16,1,0.7315995444167296
13898,326,1,155.93,1,0.8529308593969012
13899,17,2,388.52,0,0.9218269896989905
13900,184,3,740.95,1,1.1986120052838865
13901,73,5,2867.2,0,1.2747076634110264
13904,38,2,332.64,0,0.9727573922616602
13908,80,4,2319.55,0,1.109063962394594
13911,58,9,2580.91,2,1.3722199132800137
13914,12,2,626.45,0,0.8449544487005628
13917,50,2,272.04,1,0.8122270110192291
13918,50,2,1212.84,0,0.6787976381469677
13922,352,1,172.25,1,0.8682258030523765
13923,54,1,351.13,1,0.7158739790032689
13924,2,6,1838.85,2,1.422993295249405
13925,93,4,678.25,0,0.963034221752134
13926,24,1,223.85,1,1.2751096219666056
13927,75,1,348.99,1,0.5000258757672013
13928,11,4,464.57,0,0.9165314676902195
13929,170,2,842.65,1,1.036090574349341
13930,58,2,337.34,1,0.7431651441977338
13931,96,2,1237.53,0,1.0618197012427117
13932,295,1,307.4,1,0.6790660712729446
13933,110,2,608.79,1,0.787551365082956
13934,264,1,922.1,1,1.1628257386222376
13936,180,1,376.58,1,0.43375804337768564
13937,170,1,158.85,1,0.5020644804007804
13938,36,1,71.66,1,1.425009877861585
13939,24,3,568.55,0,0.40942164989143737
13940,18,4,839.14,0,0.4330479562429561
13941,22,5,5112.96,2,1.1731506486787713
13946,80,3,561.57,0,0.8751251059399711
13947,66,1,90.6,1,1.0088954536117296
13948,361,1,102.0,1,1.1159152990003893
13949,3,6,2427.32,2,1.1810738476154614
13950,12,4,745.06,0,0.698415343780774
13951,177,3,674.45,1,1.140944880158082
13952,218,2,3251.07,0,1.9054628651263343
13953,8,7,3515.68,2,0.6225681852739198
13954,2,2,439.92,0,1.9040305924379857
13955,155,2,322.96,1,0.45488621137688073
13956,6,5,1019.27,0,1.2227599872570138
13959,80,3,594.04,0,0.8556306449172345
13960,22,2,230.22,0,1.2253812462190115
13962,22,2,169.55,1,1.420782305229087
13963,309,4,664.54,1,1.5234778317530846
13967,146,1,80.7,1,0.9725167595516186
13969,8,18,9024.17,2,0.9340536610082836
13971,19,8,2758.26,2,0.7051358919289312
13972,71,2,190.25,1,0.6515758615049778
13973,288,1,264.7,1,0.6506176527753004
13974,50,1,413.59,1,0.8173571690163745
13975,32,6,2461.24,0,1.1023300007213417
13976,207,1,357.98,1,0.48353231109238215
13978,15,2,196.79,0,1.405971599414676
13979,74,1,869.87,1,1.059889044320647
13980,61,1,200.14,1,0.6317397301219952
13982,40,4,1871.81,0,0.6812582904428844
13983,30,12,2603.43,2,0.8915735436562682
13984,27,5,920.51,0,0.5371446120059249
13985,5,15,7060.13,2,0.7576790870608431
13986,18,1,320.46,0,1.4089865328823994
13988,20,6,4147.96,2,0.9314258509651656
13989,66,2,1266.08,0,0.8354479496562163
13990,214,1,311.3,1,0.45941294206987743
13991,13,6,851.88,0,0.9510780804556769
13992,31,1,76.8,1,1.4639940564629434
13993,43,9,3466.36,2,1.1081091909853493
13994,4,6,2274.14,2,1.099892166532136
13995,16,5,1393.69,0,0.7566867633728933
13999,11,12,3901.81,2,0.15171552956073364
14000,212,1,635.66,1,0.8273782661659084
14001,46,3,2043.08,0,0.7385974568297256
14002,135,2,529.73,1,0.6873091244116017
14004,44,7,4582.64,2,1.2362755740821938
14005,10,5,2874.72,2,1.054396733454525
14006,116,3,962.19,0,1.0616761660551728
14009,199,2,695.61,1,0.9365850715308542
14012,278,1,328.8,1,0.6491513202619784
14013,111,3,473.02,1,0.9504226764756957
14014,78,1,505.18,1,0.6691171923446365
14015,53,1,917.34,0,1.1736207357074908
14019,47,3,1421.61,0,0.5181085717357365
14020,17,2,642.8,0,0.6735994545185484
14021,156,3,631.9,1,1.0895338472928682
14022,226,1,440.0,1,0.6290134352957596
14023,8,2,584.07,0,1.0868331329017125
14024,122,2,327.7,1,0.4358071475142605
14027,61,1,104.82,1,0.9463479438565263
14029,64,2,467.66,1,0.8005804504028486
14030,19,8,2358.84,2,0.772074638971133
14031,8,19,17286.86,2,1.3803101856233828
14032,3,11,2975.59,2,0.814274922660397
14034,23,3,648.89,0,0.32471916641067844
14035,29,5,1428.02,0,0.6423188148332034
14036,285,1,626.65,1,0.9454336809835837
14037,177,2,147.2,1,0.6633621735738441
14038,79,3,1560.38,0,0.880031601008032
14039,34,1,152.2,1,1.1063657950578485
14040,41,12,3560.32,2,1.0459003319726838
14041,267,1,141.41,1,0.7777999513626753
14044,27,4,646.42,0,0.39186224483715615
14045,110,4,1659.75,0,1.1557172108573668
14046,285,1,151.59,1,0.7816463336201936
14047,9,5,1308.61,0,1.0221577414379683
14048,306,1,409.93,1,0.7790995067401162
14049,17,4,5578.72,2,1.3560155021806286
14050,32,2,746.36,0,0.5177745361190146
14051,1,23,15610.39,2,1.9660115159992475
14052,20,1,225.36,1,1.4059414159281787
14053,125,2,260.25,1,0.3991326879432396
14054,66,1,92.46,1,0.9952313932506787
14055,107,1,725.64,1,0.8448858290337279
14056,2,23,8152.71,2,1.5221044063224798
14057,24,17,6211.66,2,0.9311031785338778
14059,267,1,183.6,1,0.6632029892298397
14060,5,19,6140.42,2,0.9373572510250391
14062,10,12,10464.85,2,0.7522670123536335
14064,30,5,1334.34,0,0.6152368559391181
14066,267,1,152.55,1,0.7403158775697871
14067,64,2,374.7,1,0.7138685416338529
14068,321,1,265.85,1,0.7299496989258534
14071,4,8,1422.75,2,1.128959370256882
14073,33,1,151.04,1,1.1287754549887397
14075,5,3,942.26,0,1.2154835181425327
14076,130,1,118.67,1,0.6695242057010365
14077,41,5,499.42,0,0.7769888960633125
14078,102,6,1049.37,0,1.2318447177866196
14079,125,1,375.1,1,0.34331890392587167
14080,33,1,45.6,1,1.740641137189167
14081,303,2,921.62,1,1.2645654322963027
14082,365,1,182.25,1,0.8766581724034819
14083,5,9,1002.9,2,1.2593735403748023
14085,3,18,4421.29,2,1.0273472349641624
14087,3,1,191.47,0,2.2510181011407173
14088,11,13,50491.81,2,2.0225469522928816
14089,57,1,158.75,1,0.7585142071044217
14090,325,1,76.32,1,1.2364014674341304
14092,8,14,4076.91,2,0.36480901046942743
14093,13,1,433.86,0,1.3574017876927342
14096,5,17,53258.43,2,2.185545835881491
14098,37,1,147.35,1,1.0612323918985436
14099,17,11,3104.17,2,0.44918355041762487
14100,138,1,191.95,1,0.3279579797585481
14101,74,6,5976.79,2,1.6962031466305472
14102,6,5,1105.88,0,1.2289218215174604
14104,155,2,216.21,1,0.4546266778095117
14105,240,1,1266.23,1,1.3613758031967123
14107,52,7,2703.23,0,1.369165001141411
14108,31,2,597.91,0,0.5965707089665536
14109,73,1,144.2,1,0.6720019234949315
14110,4,12,5683.15,2,0.6598729524809408
14111,15,4,692.85,0,0.5817776543604353
14112,23,7,2915.15,2,0.890219452065254
14113,4,4,1840.42,0,1.488130714139286
14114,274,2,386.53,1,0.7688550986973302
14116,20,5,1382.74,0,0.6780183326355895
14117,144,1,90.0,1,0.8871550204341853
14121,4,4,2780.15,2,1.4486852263318801
14124,85,1,419.58,1,0.5203451663573357
14125,11,3,2720.63,0,1.1092222907963143
14126,8,3,706.13,0,0.9300881590239901
14127,123,3,709.71,0,1.1249229125806814
14128,61,2,637.5,0,0.8044846677962401
14129,2,5,1123.86,2,1.7628146192900391
14130,320,1,480.91,1,0.8720138606013874
14132,3,11,3586.03,2,0.7776658966428127
14133,130,3,605.64,1,1.0570065679139382
14135,2,15,4690.31,2,1.0815659852545827
14138,2,2,965.88,0,1.8099797402208493
14139,47,1,415.82,1,0.859637314673263
14140,4,2,935.05,0,1.4365232815296405
14141,3,4,915.13,0,1.547660007306676
14142,374,1,311.81,1,0.8532528988265162
14143,134,1,115.8,1,0.689086012743768
14145,47,4,3742.2,0,1.2194412513971562
14146,9,5,4191.0,2,1.0139482192601763
14147,79,2,483.4,1,0.724880016846366
14148,234,1,157.2,1,0.6515603177592675
14149,221,1,446.62,1,0.6253443806296195
14150,36,2,658.64,0,0.5791881395004411
14152,76,2,621.29,1,0.8851259204678621
14154,240,2,1345.62,1,1.4488209170213233
14155,267,1,118.75,1,0.873950062858893
14157,20,2,424.89,0,0.8254875927294021
14158,41,1,507.66,1,1.0225781213030012
14159,20,11,4627.98,2,0.5079630619407883
14161,216,3,1097.62,1,1.4635561094303633
14162,174,2,289.36,1,0.4691846606953583
14163,88,4,2445.91,0,1.1885324717746777
14164,71,2,1631.77,0,0.9576219314044067
14165,276,1,120.44,1,0.8823721972907033
14167,40,4,562.59,0,0.5421992765676497
14171,99,1,363.79,1,0.3758644985004696
14173,11,4,450.84,0,0.9311422566215788
14174,34,1,134.46,1,1.1494324095219546
14175,60,3,3222.3,0,1.1548764224922423
14176,298,4,576.9,1,1.4591905159841638
14177,87,4,549.46,0,0.9753500627490902
14178,9,7,1580.26,2,0.9784222483036709
14179,41,2,701.57,0,0.595672748450794
14180,11,25,4748.52,2,1.1476725173193998
14184,67,1,452.89,1,0.680296410470719
14185,332,1,197.65,1,0.7896486741142629
14188,31,6,2054.36,0,1.001323386351088
14189,3,15,4654.08,2,0.8841745815175291
14191,2,13,4684.76,2,1.0199559840569445
14193,68,2,853.39,0,0.8152772717996752
14194,5,21,11349.52,2,1.289651825732093
14195,202,2,1012.0,1,1.2015629990294399
14196,107,1,335.52,1,0.30503023064327456
14198,19,4,701.4,0,0.4527901629740483
14199,219,1,185.4,1,0.5368775412316136
14201,61,7,747.44,0,1.1290701295474084
14204,3,1,150.61,0,2.3637365679411992
14205,17,2,466.7,0,0.8171811641365432
14206,240,1,328.16,1,0.5481271065914077
14208,95,1,151.74,1,0.5340448469111156
14209,11,6,2073.43,2,0.9671610136633304
14210,106,6,1905.84,0,1.3805778999377585
14211,54,9,2241.1,2,1.3590814297810798
14212,90,1,1070.48,1,1.170505451501074
14214,31,5,1004.38,0,0.54480663282884
14215,12,6,1789.72,2,1.0461443808042912
14216,4,4,1839.3,0,1.4879474733085924
14217,2,17,2004.98,2,1.29707665415197
14218,43,1,169.48,1,0.9152023478819963
14219,5,1,89.94,0,2.469746158108748
14220,248,2,632.4,1,0.951751350151728
14221,43,9,3432.8,2,1.109170361433158
14222,178,1,683.17,1,0.8271940526516771
14223,93,3,991.13,0,0.8958673901062102
14224,111,4,1009.73,0,1.0631613137884062
14226,29,5,2214.79,0,0.8868280769167437
14227,27,10,3350.96,2,0.7513953253629573
14229,52,3,1547.2,0,0.6194314778252544
14231,184,3,925.71,1,1.3284275109198795
14232,43,5,2048.07,0,0.8932610790523512
14233,50,4,1462.72,0,0.6250890763375506
14234,23,4,754.12,0,0.34770876878709917
14235,76,5,3144.86,0,1.3454695275478958
14236,81,2,490.86,1,0.7239941168824946
14237,374,1,161.0,1,0.9313471534521702
14238,327,1,146.85,1,0.8795363619725611
14239,44,11,2380.85,2,1.1730342713002613
14240,31,2,890.34,0,0.48669224012222984
14241,184,1,213.7,1,0.3810084138526875
14242,235,2,280.55,1,0.6145624371561571
14243,9,10,2588.77,2,0.4058746182162394
14245,220,2,1693.45,1,1.599043317315544
14246,111,3,1474.06,0,1.0953440471343585
14247,279,1,136.77,1,0.8192450525301067
14248,319,1,302.58,1,0.7334659256130529
14250,8,3,1904.05,0,1.0779097573055632
14251,2,5,2879.7,2,1.445087173223763
14256,261,2,969.06,1,1.2428309501458534
14257,65,5,3099.72,0,1.2755179198966708
14258,10,9,12669.98,2,0.9334262155513022
14259,142,1,120.0,1,0.6659114069817073
14261,51,2,1163.45,0,0.6781252394041096
14262,9,8,2618.23,2,0.562615266352694
14264,155,2,333.97,1,0.46508864876197387
14267,163,3,1516.24,0,1.3789748184996722
14270,332,1,492.65,1,0.905283522031127
14271,226,1,112.32,1,0.8340930083701733
14272,74,2,437.96,1,0.7022751971546501
14273,52,4,559.97,0,0.6606837294758876
14276,99,3,1119.74,0,0.9542886672497716
14280,197,1,134.04,1,0.6652567520161712
14282,4,15,3701.44,2,0.7409856723209263
14284,31,2,595.25,0,0.5986543307205622
14285,22,4,1910.01,0,0.6718189863446157
14286,24,3,4628.75,0,1.3060302486225968
14287,9,3,176.63,0,1.559696979951002
14288,214,1,426.6,1,0.5843705128010798
14289,9,6,911.26,0,1.1217512452678244
14290,12,5,2314.65,0,1.1066021752627682
14291,2,11,3883.25,2,0.9901793280483773
14292,8,9,4871.93,2,0.32661416340885424
14293,4,4,1046.56,0,1.3836780312964418
14295,41,1,166.2,1,0.9532131912021239
14297,18,4,1305.33,0,0.511088178535065
14298,9,44,51527.3,2,2.808412841284535
14299,9,9,3965.62,2,0.2731473333789293
14300,19,1,43.2,1,2.0351853807632003
14301,118,1,640.14,1,0.7392097688971592
14304,223,1,383.45,1,0.5556427040046963
14305,72,3,1858.96,0,0.9005729299942254
14306,52,2,2093.32,0,0.9349084380992331
14307,89,6,2995.72,0,1.489663966172844
14309,9,9,2352.53,2,0.5320095237414806
14311,243,1,310.26,1,0.5440792372528097
14312,47,6,1611.59,0,0.962644675787925
14314,107,1,120.0,1,0.6741271674064162
14315,45,6,2481.13,0,1.155929589710964
14317,65,1,508.58,1,0.7581217420696871
14320,207,2,477.79,1,0.7216124572700509
14321,11,5,1530.75,0,0.9601599124922594
14323,115,2,605.06,1,0.7792487081336195
14326,243,1,183.85,1,0.6029772202362923
14327,164,1,311.65,1,0.3045539454973918
14329,18,7,4975.24,2,0.740295742346755
14331,125,2,462.66,1,0.6010265446497057
14332,23,3,840.21,0,0.17936653309065145
14333,68,1,415.2,1,0.6297671274833814
14334,17,8,2552.21,2,0.6885725408233733
14336,17,4,1614.91,0,0.6448838668803764
14338,162,2,588.22,1,0.7775450317792622
14339,243,1,309.52,1,0.5436285877811283
14340,219,1,134.7,1,0.7058200907037655
14341,46,8,2166.98,2,1.302458044028899
14342,22,4,668.56,0,0.4149119864255783
14344,128,8,889.93,0,1.6019855041360287
14345,39,1,108.98,1,1.1564475352931334
14346,121,2,1021.58,1,1.157266034300867
14348,261,1,409.57,1,0.6778757466490988
14349,11,1,133.5,1,1.9051060251245853
14350,275,1,282.93,1,0.6195770028053031
14351,165,1,51.0,1,1.339358940550363
14352,158,4,1078.96,0,1.3279054466475886
14353,216,1,90.6,1,0.9644759580320809
14354,6,2,163.62,0,1.8303877759466904
14355,366,1,174.4,1,0.8910939632827317
14356,80,2,701.23,0,0.9404497998157051
14357,44,1,225.12,1,0.8365843682282961
14359,20,3,912.18,0,0.26197182669336716
14360,32,4,2118.03,0,0.7277978515686286
14362,23,1,151.5,1,1.3731419572007963
14364,109,8,3717.35,2,1.8186034507697884
14367,9,16,9227.82,2,0.8260841832913363
14368,320,1,155.0,1,0.8434968920949301
14371,296,1,100.5,1,1.0228334631712936
14373,359,1,76.55,1,1.2798077945320825
14375,186,1,235.56,1,0.3597632806026032
14377,192,2,617.05,1,0.8480464907476497
14379,45,2,348.1,1,0.9088715579949513
14381,53,1,202.68,1,0.7237663038655515
14382,27,1,615.49,0,1.1242915325197997
14383,39,3,1247.69,0,0.34663538268661115
14385,10,3,202.11,0,1.4297300538536641
14386,297,1,142.4,1,0.8350959937485154
14387,33,3,1727.6,0,0.522511856209701
14388,11,8,3212.84,2,0.47102596860764606
14389,66,2,1043.46,0,0.8014507311862428
14390,11,9,4642.57,2,0.2858071973385263
14393,219,1,67.95,1,1.175412612906401
14395,3,9,3479.91,2,0.8244402436987346
14396,66,2,487.99,1,0.8060609838395686
14397,3,19,2612.96,2,1.1405048236567836
14400,150,1,574.7,1,0.6653644910911439
14401,5,13,4051.48,2,0.5139121723630015
14403,131,4,1475.81,0,1.242131967268663
14404,34,6,1449.32,0,0.856141023238369
14406,120,1,156.75,1,0.4638487763569631
14407,108,5,2142.73,0,1.3265492317002738
14408,11,7,2599.03,2,0.7039946001452023
14409,72,6,2059.45,0,1.2200280530655487
14410,93,9,1099.27,0,1.5713404552118477
14411,311,1,1063.0,1,1.3223279655551454
14412,43,2,770.03,0,0.5905465698888005
14413,363,1,121.05,1,1.0310055779970078
14414,92,7,1496.98,0,1.3610112400108023
14415,2,13,5855.57,2,1.0520674149635363
14416,23,2,490.22,0,0.7145036790318005
14418,4,3,1937.25,0,1.481091875385397
14419,11,6,1051.79,0,1.0294103414652045
14420,100,1,387.52,1,0.40865027175223373
14421,58,2,813.11,0,0.7267645618769892
14422,1,6,4263.64,2,1.518081787780813
14423,219,1,265.2,1,0.45596878522582984
14424,18,1,322.08,0,1.4065611139576006
14426,24,10,4481.67,2,0.6484826165088541
14427,51,2,363.34,1,0.8388671395443216
14428,8,5,1224.06,0,1.0754019448643424
14431,303,1,470.36,1,0.8288509407809888
14432,10,6,2248.5,2,0.9281718212645388
14434,22,6,1372.8,0,0.8479312664687134
14436,99,1,89.06,1,0.9109230126183503
14437,366,1,63.0,1,1.4109232997610908
14438,307,1,131.9,1,0.891494355023697
14440,9,5,2357.68,2,1.1119057160314683
14441,1,4,1712.89,2,1.957682006587604
14443,54,4,1420.2,0,0.6526523271912642
14446,1,4,1005.55,0,2.073371974192097
14447,19,5,1163.23,0,0.6390871523186991
14448,10,2,375.35,0,1.145479192295494
14449,19,4,885.8,0,0.3981254284783152
14450,181,3,483.25,1,0.9897108631891278
14451,61,2,643.9,0,0.8015826400465146
14452,11,2,259.05,0,1.3164446352174421
14453,191,1,119.93,1,0.7292225616172476
14456,6,9,3014.32,2,0.5013383006233905
14457,311,1,113.64,1,0.9768804583071117
14459,156,1,1837.92,1,1.577528376329481
14460,111,3,434.34,1,0.9186959325011336
14461,149,3,2102.67,0,1.416507568219284
14462,67,11,1975.57,2,1.5224461078819531
14463,99,3,529.62,1,1.0109893446828153
14465,247,3,1038.44,1,1.4610019580058313
14466,30,7,2272.4,2,1.1052386311197653
14467,18,4,596.26,0,0.5507658814232519
14470,12,2,461.19,0,0.9623593789132656
14472,104,8,1852.67,0,1.5968168918743917
14473,75,2,234.34,1,0.5742119586617793
14474,47,1,547.66,1,0.9740150704527921
14475,72,3,925.85,0,0.7009172373763771
14476,258,1,193.0,1,0.6240481036528059
14477,20,4,1309.6,0,0.46663026701580873
14479,254,2,316.25,1,0.6744086947618766
14480,12,1,279.05,0,1.5691950735629876
14481,165,2,636.51,1,0.8338181970607252
14482,19,6,2022.81,0,1.0333210001655448
14483,282,1,137.1,1,0.8239713966660264
14484,51,1,321.92,1,0.7369793114188653
14485,39,1,162.8,1,0.9932043841032713
14487,27,6,1165.48,0,0.786400526771999
14488,68,1,1064.28,1,1.2314061114689123
14489,208,1,463.38,1,0.6167042907239625
14491,176,2,340.93,1,0.5107128319194598
14493,8,5,2383.24,2,1.116170502119052
14494,26,1,139.56,1,1.313312351362319
14495,51,2,123.8,1,1.0028715353714241
14496,312,2,538.81,1,0.974738363199375
14497,310,1,475.37,1,0.8474685413578791
14498,43,5,1957.32,0,0.8673864228322093
14499,27,3,808.44,0,0.12437090213293173
14500,89,3,356.85,1,0.897957564975014
14501,184,2,251.21,1,0.48818675712898907
14502,20,11,2426.79,2,0.6620121735994847
14503,4,6,3543.26,2,0.9953703428917197
14504,48,4,673.26,0,0.5381301167697243
14505,18,8,5859.43,2,0.6552419852927157
14506,18,5,1960.65,0,0.8760000111362856
14507,24,6,1367.88,0,0.8351853616648954
14508,23,2,268.05,0,1.111055909254437
14511,12,5,1314.81,0,0.8699472663860296
14512,188,2,275.28,1,0.49719268898266084
14513,101,3,455.59,1,0.9466957732788004
14514,62,3,990.2,0,0.5915990236879183
14515,18,6,2076.89,2,1.0528335237316684
14517,34,2,330.45,0,0.9620718570527445
14518,65,1,174.37,1,0.6396729667249867
14520,2,2,270.6,0,2.0588627487429347
14522,25,4,974.54,0,0.2874151629339613
14523,109,1,241.09,1,0.2410342468151471
14524,32,9,1843.83,2,1.1013467041829788
14525,20,9,4215.9,2,0.5651171934359759
14527,3,55,8506.13,2,2.4614432702041302
14528,38,1,364.22,1,0.9683491456340027
14529,61,3,578.61,0,0.6862403251724181
14530,26,6,2862.11,2,1.089682067005813
14532,237,4,932.85,1,1.6021351988543395
14533,25,7,1949.72,2,1.076796547150355
14534,3,18,4395.65,2,1.0271338927923486
14535,61,3,2854.84,0,1.077548098409086
14536,260,1,170.95,1,0.6737805693708053
14537,58,1,355.56,1,0.6710161214815563
14538,65,2,388.25,1,0.7171781524173201
14539,16,2,537.48,0,0.7691949062698641
14540,10,3,952.66,0,0.7528584533719501
14541,59,8,1453.35,0,1.3096477993023
14542,186,1,103.25,1,0.8275168877234753
14543,29,16,3560.08,2,0.9387018281757055
14544,25,2,2004.3,0,0.7949529913522909
14546,6,5,2573.93,2,1.1349510850718723
14547,4,8,3974.75,2,0.7294600860764959
14548,151,2,652.8,1,0.8381104661972089
14549,312,1,289.24,1,0.712780757203685
14550,11,2,757.37,0,0.8503500667041599
14551,19,2,186.23,0,1.3995861540015204
14552,152,1,164.22,1,0.4485103059073157
14553,20,5,859.27,0,0.5961441016879587
14554,11,4,2279.49,0,1.0349806798214725
14555,58,2,312.54,1,0.7294056965958767
14557,86,1,788.38,1,0.9474785522812831
14560,8,22,2237.77,2,1.0921180678995288
14561,76,3,1080.76,0,0.7528190964825543
14562,4,18,5006.77,2,0.9175947256439478
14565,96,4,2949.12,0,1.3371889010859193
14567,57,2,1530.36,0,0.8197030977507441
14569,2,1,227.39,0,2.3364669382196555
14570,281,2,217.21,1,0.7384357725056105
14572,4,7,2804.54,2,0.8972657048768647
14573,180,9,1639.82,0,1.9520268634109983
14576,373,1,35.4,1,1.8050085170464676
14577,13,4,859.71,0,0.628267067174539
14578,4,1,168.63,0,2.200416573156656
14581,17,1,138.6,1,1.6024207877599337
14582,41,1,114.11,1,1.1052130934865936
14583,6,5,986.96,0,1.2212869196059721
14584,170,4,1033.06,0,1.3794285331740321
14585,51,1,157.05,1,0.831371216546402
14586,277,1,237.36,1,0.6282354110950853
14587,19,9,1580.29,2,0.942622503975141
14589,372,1,39.75,1,1.7242108887224632
14591,16,4,1320.21,0,0.5745784202983177
14592,36,3,557.94,0,0.44332694928172106
14593,22,3,617.15,0,0.3750540799790382
14594,8,2,363.33,0,1.266624115043915
14595,20,6,1740.6,0,0.9533494801052312
14597,12,2,866.24,0,0.7880799799227877
14598,45,1,221.97,1,0.8222882395172817
14600,306,1,393.33,1,0.764669364999577
14601,11,1,213.96,0,1.7306121110424404
14603,275,1,660.0,1,0.9595260149008148
14606,2,90,11926.15,2,3.2511671270247935
14607,16,12,15021.5,2,1.0939456274024613
14608,5,4,1785.15,0,1.3526195276622295
14609,73,4,601.56,0,0.8311556762518092
14616,243,3,406.08,1,1.0166576339703415
14618,10,3,553.44,0,0.8558669269820929
14619,246,1,394.44,1,0.6261160951970902
14620,206,2,412.78,1,0.6482344591819735
14621,2,5,1788.36,2,1.5688786843142968
14622,185,1,320.58,1,0.3778343181682769
14623,33,5,882.02,0,0.5489527971569693
14624,58,2,225.85,1,0.7277325183918957
14625,197,2,899.63,1,1.1116572609579602
14626,24,4,2791.27,0,0.9397013703287501
14628,92,2,671.96,1,0.8839865741568794
14629,5,2,955.26,0,1.3061855425125566
14631,51,3,1006.98,0,0.44869134049684223
14632,263,1,114.56,1,0.8879337262135492
14633,267,1,344.9,1,0.6330423146946943
14636,37,2,609.85,0,0.6165570652433803
14638,51,1,443.6,1,0.8311757966732083
14639,53,6,2984.49,0,1.3018708883247667
14640,25,6,2107.38,0,1.016570105913929
14641,22,1,110.46,1,1.5027273003122246
14642,59,1,96.12,1,1.0153464465373974
14643,171,2,693.81,1,0.8995181825881898
14644,68,2,830.76,0,0.8171561616299284
14645,157,2,597.09,1,0.7823357790382588
14647,202,1,236.04,1,0.4112882491705645
14649,5,4,1402.59,0,1.2886164030762994
14651,68,2,653.75,0,0.8580713862305042
14652,78,1,114.18,1,0.7918309894902341
14653,2,7,1916.7,2,1.3087448643562931
14655,9,4,1932.23,0,1.0512751852638336
14656,170,2,291.05,1,0.4612880551524828
14657,18,4,848.22,0,0.43165933275818313
14658,6,2,247.15,0,1.595324031918512
14659,9,9,2529.93,2,0.48258961293053465
14660,87,2,285.74,1,0.49686184578675635
14661,27,1,107.95,1,1.382129283776368
14662,29,4,741.37,0,0.31998157687875145
14664,20,2,636.24,0,0.6200249294077779
14665,61,5,1835.7,0,0.9615226579737577
14666,25,1,179.95,1,1.2761071480296398
14667,11,25,9170.79,2,1.3077498962192928
14669,242,3,1259.24,1,1.5759392395221645
14670,281,2,392.86,1,0.78869252914919
14672,235,2,765.55,1,1.0509539913037527
14673,4,5,1736.4,2,1.3689242343048884
14675,17,1,596.36,0,1.1912285652239956
14676,32,6,2548.24,0,1.1225431115341116
14680,26,16,28754.11,2,1.779176292122168
14681,72,3,498.95,0,0.8559180324327925
14682,188,2,52.0,1,1.3867584101530157
14684,26,5,1201.51,0,0.5808019913437644
14687,107,1,628.38,1,0.734672196792876
14688,8,21,5579.1,2,0.9376119788217918
14689,209,1,112.8,1,0.8017102804102578
14690,45,2,355.05,1,0.9128609957930177
14691,31,5,2114.33,0,0.8598493321513883
14692,138,4,591.55,0,1.2715799050168999
14693,265,1,172.9,1,0.6809584238562688
14696,5,7,2078.95,2,0.9317841158331499
14697,219,2,188.61,1,0.6332427125325494
14698,2,5,1217.27,2,1.7252929545296478
14699,215,1,109.13,1,0.8342569655815684
14700,33,3,2195.1,0,0.7107437642767197
14701,11,9,2526.09,2,0.4843396006180661
14702,2,17,3251.79,2,1.1736212501294165
14703,15,1,318.17,0,1.448988098095089
14704,20,7,1461.62,0,1.0591594660814876
14705,199,1,179.0,1,0.5002499818605831
14708,3,3,1126.37,0,1.5340065517234924
14709,16,13,4921.04,2,0.4323404335197606
14710,15,4,599.48,0,0.6363213654431901
14711,11,11,2839.62,2,0.31529429581791585
14712,30,3,917.07,0,0.07307798984950556
14713,10,11,2662.2,2,0.3588002037039548
14714,25,1,160.19,1,1.3016404374970876
14715,25,4,867.38,0,0.2875354783920306
14716,44,2,307.51,1,0.904804347210667
14719,2,5,1581.84,2,1.6139959853134505
14720,6,3,663.81,0,1.1283560583160124
14722,148,1,180.42,1,0.38022390134391393
14723,11,6,1120.66,0,1.0359847701812472
14725,25,1,655.58,0,1.1140349284317739
14727,275,1,268.58,1,0.617270541952052
14729,374,1,313.49,1,0.8539348840425156
14730,2,8,1897.57,2,1.244590140588595
14731,48,3,380.02,0,0.8136086212852193
14732,9,8,2702.49,2,0.5461054791331028
14733,17,12,9585.91,2,0.7826497844696118
14735,4,31,6050.69,2,1.5926824665306047
14737,4,3,1164.55,0,1.3679136187702765
14738,43,7,1314.45,0,1.047470713636271
14739,5,7,3902.28,2,0.748333914575343
14740,198,3,1448.21,0,1.5117543259859374
14741,12,6,1400.34,0,1.0402801813302587
14744,17,7,1099.98,0,1.0383026883558126
14745,113,5,1220.26,0,1.1914341490887457
14747,250,1,328.2,1,0.5756678651969457
14748,30,5,1415.75,0,0.6397208697823834
14752,44,1,389.64,1,0.8835262024008612
14753,88,1,563.15,1,0.6974487528388124
14754,45,2,638.05,0,0.6610550256798478
14755,10,11,5010.28,2,0.1499806994261947
14756,16,1,738.96,0,1.1676297360571992
14757,76,1,420.5,1,0.5755256412857283
14758,145,4,1484.06,0,1.3152850719361695
14759,5,3,1625.97,0,1.2987067097962088
14760,298,1,89.2,1,1.099300746998269
14761,59,2,255.9,1,0.7066372609733605
14762,264,1,300.52,1,0.5967290437977799
14764,47,1,278.3,1,0.7799564430987932
14765,30,3,254.11,0,1.0350148147589406
14766,9,6,2473.37,2,0.8922257808799031
14768,18,2,192.6,0,1.383875103599448
14769,3,8,10415.33,2,1.1441856776928057
14770,233,2,876.42,1,1.1383560943477455
14772,113,1,139.26,1,0.5561736318165883
14775,59,3,1011.9,0,0.5567894061568414
14776,52,11,2538.3,2,1.2726442979791566
14778,128,2,730.86,1,0.9087724418212492
14779,281,3,386.15,1,1.0622436824339923
14780,55,2,447.68,1,0.8614226024497117
14782,320,1,200.1,1,0.7608646922356208
14784,27,2,289.99,0,1.0447257548452646
14785,11,2,77.4,1,2.1005406167590017
14788,8,2,679.44,0,1.052302404881476
14789,29,1,197.64,1,1.1541700054294526
14790,17,4,745.06,0,0.4898086732432068
14792,64,1,6.2,1,2.953693477691245
14793,22,1,228.99,1,1.3361842112721045
14794,3,7,1319.91,2,1.337693194419764
14795,167,1,131.45,1,0.6263580392298711
14796,2,17,7973.93,2,1.269749646222908
14798,53,3,173.74,1,1.107528272941163
14799,52,1,157.7,1,0.8175980149232349
14800,48,12,4331.79,2,1.1560985813602407
14801,62,1,189.34,1,0.6381887519957233
14803,163,3,845.55,1,1.257218609987876
14804,9,1,353.27,0,1.55763078538247
14805,16,4,546.4,0,0.6487000858155333
14806,76,1,193.39,1,0.5045413431639969
14808,40,8,2718.6,2,1.1471142839815984
14810,41,11,2085.33,2,1.17101238117347
14813,370,2,152.88,1,1.004425467747466
14815,37,2,778.5,0,0.5377043230467272
14816,198,1,271.85,1,0.38876383966979017
14817,201,2,1010.34,1,1.1992832031926266
14818,74,3,657.8,0,0.7701426707136175
14819,65,2,272.07,1,0.6477174806811486
14820,22,4,507.29,0,0.5787067140403579
14821,367,1,48.8,1,1.579926635060652
14823,181,3,321.43,1,0.8772518524959929
14824,11,4,1127.71,0,0.7522710553976822
14825,4,12,2221.01,2,0.791699310053292
14828,197,3,2139.76,0,1.6129245494342395
14829,30,4,697.55,0,0.3510938834094313
14830,54,1,188.03,1,0.7310794708404272
14834,18,6,1720.3,0,0.9717237033407264
14836,11,3,102.45,0,1.887500634995095
14837,90,4,1649.5,0,1.0218579023211836
14840,268,1,62.85,1,1.2921576697774741
14841,54,6,3295.76,0,1.365836391651772
14842,44,4,2824.69,0,0.9965326172568408
14844,64,4,3189.81,0,1.2011803332486315
14847,149,1,309.4,1,0.2620265135204705
14849,22,25,7930.54,2,1.3766506321196106
14850,312,1,325.75,1,0.7286991016226554
14851,24,2,511.35,0,0.684718450209663
14852,59,6,2836.69,0,1.3042937855074608
14853,25,2,475.8,0,0.7213394590920749
14854,79,7,2740.03,0,1.5094989739221305
14855,120,2,645.65,1,0.8217501123008732
14856,37,3,1290.53,0,0.3421133955811053
14857,60,2,1173.12,0,0.7645572977291392
14859,13,4,1353.74,0,0.6987229897459848
14860,20,1,170.32,1,1.443571554694116
14861,53,1,125.79,1,0.9115749181757716
14862,26,2,841.2,0,0.49067479581228485
14863,30,1,266.76,1,1.1058771297819432
14865,8,2,52.2,1,2.4430343137414927
14866,11,11,14353.4,2,0.9988659713350375
14867,186,3,710.28,1,1.1774009619490997
14868,4,8,2953.59,2,0.7787921988478266
14869,9,2,721.45,0,0.973135944026384
14870,262,1,327.25,1,0.6070356616014223
14871,4,4,501.28,0,1.4633813060801701
14873,211,1,519.68,1,0.6928311061435175
14875,108,2,1465.32,0,1.1756465219058905
14878,13,9,1476.09,2,0.8935628821946331
14880,78,3,690.59,0,0.7952181181888182
14881,20,1,255.4,1,1.4004341756402845
14882,27,2,589.7,0,0.6003378299936193
14883,19,6,761.59,0,0.8304002754314562
14885,132,1,765.32,1,0.8763622458935781
14886,253,1,364.8,1,0.6144104297367785
14887,80,1,1862.0,0,1.4440164564920652
14888,208,1,369.2,1,0.4992003804008732
14889,337,1,135.9,1,0.9322357202657737
14890,254,1,125.65,1,0.8166000847298873
14891,149,2,554.38,1,0.7256876377267724
14893,10,2,1237.85,0,0.9225593845418903
14894,86,1,655.75,1,0.8123693162460135
14895,8,20,11138.71,2,1.1547510044262677
14896,205,2,468.77,1,0.7078271853635445
14897,8,4,1366.38,0,0.9948102957249048
14898,24,6,1269.31,0,0.8141308419550153
14901,12,9,1421.29,2,0.9119543398020358
14902,26,1,332.66,1,1.2240824943207818
14903,22,5,2795.33,0,1.0582931973231262
14904,3,2,1025.44,0,1.6007749222208316
14905,158,2,616.15,1,0.8045222591436472
14907,4,7,3501.1,2,0.8508077468294553
14908,75,1,277.8,1,0.4492145094669154
14910,3,4,434.35,0,1.6608130192362947
14913,36,4,1227.43,0,0.3969838533329619
14915,92,2,307.48,1,0.4847763539351767
14916,71,4,1268.98,0,0.7823332673064813
14918,116,2,1610.15,0,1.2475973689079312
14920,213,2,977.77,1,1.1894514864941061
14921,31,2,1316.07,0,0.5648482390969751
14923,51,1,749.1,1,1.103473361112935
14924,246,1,310.05,1,0.5524025919854385
14929,33,1,223.88,1,1.044789144982074
14944,30,12,5900.25,2,0.8556489662137814
14946,15,1,100.9,1,1.7811463480476544
14947,73,2,290.82,1,0.585907056014474
14948,24,6,1101.97,0,0.7854367705917717
14950,20,1,371.2,0,1.3246189561621524
14951,80,1,311.69,1,0.42536588627478245
14952,60,11,8099.49,2,1.4216468429845786
14953,26,1,285.67,1,1.2116694123224785
14954,13,1,294.85,0,1.5206691477568683
14957,254,1,58.49,1,1.3261324242194366
14958,148,3,483.73,1,0.9603013366597083
14959,65,4,695.42,0,0.7130773415039706
14960,9,2,221.27,0,1.488618983414846
14961,11,9,7044.68,2,0.5034738074409136
14962,271,1,126.7,1,0.8445326149204658
14963,10,5,1472.34,0,0.9963620316781949
14964,248,1,206.21,1,0.5780952290827135
14965,97,2,596.09,1,0.792652782712173
14966,15,1,183.02,1,1.6331374121271087
14967,50,1,463.8,1,0.8617702524104647
14968,31,1,147.59,1,1.1779511851900741
14970,69,4,1592.06,0,0.842835764898027
14971,36,3,1097.98,0,0.23565828372145126
14972,129,1,114.77,1,0.6949394546293511
14973,108,3,1314.45,0,1.0470130621780311
14974,38,1,89.94,1,1.2697221959155727
14975,58,1,279.94,1,0.6290154900187034
14976,58,6,774.86,0,0.9416552337023103
14978,73,5,1921.37,0,1.0678118846994842
14981,247,1,102.12,1,0.9320799886319336
14984,20,2,202.37,0,1.3313086208811338
14985,199,2,292.01,1,0.5291545581206447
14987,16,2,326.4,0,1.0474994491497787
14988,212,1,334.54,1,0.4732985924457482
14995,39,2,231.98,1,0.9836416787587011
14997,47,3,546.2,0,0.5668091126636796
14998,171,2,414.87,1,0.5829042573313207
15000,48,1,490.52,1,0.9107756460024042
15002,116,4,1641.76,0,1.1879351628007817
15004,148,1,1220.38,1,1.2493405733225484
15005,16,28,6293.67,2,1.384787682276663
15006,52,1,475.43,1,0.8486563976471194
15007,160,1,156.91,1,0.49205757327917804
15009,13,3,1259.43,0,0.622076510996626
15010,36,1,308.94,1,0.9809594898660873
15012,54,2,405.04,1,0.8356163874899544
15014,44,2,257.67,1,0.8967851034989652
15016,173,1,170.04,1,0.4655359275450725
15017,34,1,125.58,1,1.176048547021961
15018,39,3,496.21,0,0.5530264126769296
15019,267,1,252.81,1,0.5968652493243177
15021,9,9,1871.77,2,0.696574142116629
15022,12,4,852.39,0,0.6803445329422374
15023,4,11,6701.51,2,0.7102484540876615
15024,10,10,1636.43,2,0.7598369640551533
15025,34,1,361.96,1,1.0455453520805558
15026,81,3,464.2,0,0.9618129098195299
15027,31,4,1066.15,0,0.3010604414127724
15028,9,4,627.13,0,0.9186720368023986
15030,72,2,518.28,1,0.7990899238524024
15031,5,4,653.19,0,1.2732617549830865
15032,257,3,4959.1,0,2.146845225247992
15033,5,10,2553.88,2,0.6152686354160092
15034,16,8,4274.16,2,0.5374851551883121
15035,90,1,252.73,1,0.33104934016733334
15036,73,3,429.56,0,0.9379652736175665
15038,59,6,685.74,0,0.968158807932531
15039,10,47,19766.59,2,2.3946257391127945
15041,171,1,179.93,1,0.4276157819548569
15042,200,1,135.93,1,0.6620460670867369
15043,32,1,537.0,0,1.163507488250768
15044,20,17,7634.73,2,0.9220155434763719
15045,152,2,735.66,1,0.9232027255073415
15046,10,15,5071.47,2,0.45665622676236073
15047,270,1,343.62,1,0.6396353121707804
15048,66,4,381.0,0,0.9865477297029122
15049,274,1,121.17,1,0.875248298529178
15050,26,3,1737.69,0,0.5184749741992
15051,24,3,1383.36,0,0.35475724473172254
15052,320,1,207.73,1,0.7526552002355735
15053,5,3,693.95,0,1.2362309266388596
15054,13,2,302.1,0,1.1620034617967974
15057,276,2,1489.5,1,1.5598431520425127
15058,26,11,2102.54,2,0.8837488170588742
15059,41,9,1337.72,0,1.3488961798776344
15060,9,4,293.0,0,1.2619768856680484
15061,4,48,54534.14,2,2.988076392341406
15062,72,4,987.86,0,0.7503997809856872
15063,214,1,370.8,1,0.5173687737804249
15065,38,4,3158.13,0,1.050273804163958
15066,54,1,893.59,0,1.179514193750796
15067,79,3,1744.76,0,0.9267053158901039
15068,47,2,553.36,0,0.7353911992641612
15069,180,1,1109.53,1,1.197729915386893
15070,373,1,106.2,1,1.1124695099244397
15071,94,2,982.07,0,1.0219747555478986
15073,10,3,1043.41,0,0.7591197003475864
15074,106,1,735.67,1,0.8566104700373351
15075,78,1,773.03,1,0.9590459995340258
15076,173,1,880.85,1,1.0132706932410638
15078,8,32,9743.11,2,1.6467121833177727
15079,213,4,895.61,0,1.5451553872903556
15081,23,5,504.8,0,0.7368337496290556
15083,257,1,88.2,1,1.0444811452641973
15087,282,1,306.94,1,0.64662458879103
15088,22,2,1160.07,0,0.5484973145639239
15089,11,6,2420.84,2,0.9008349317393687
15090,309,1,381.32,1,0.7612026731756482
15091,68,1,480.71,1,0.7040677633524369
15092,216,2,457.81,1,0.7171131483926684
15093,19,6,4597.02,2,0.9154480186720079
15095,104,4,1370.6,0,1.062311683336252
15096,43,1,219.39,1,0.85644990244055
15097,5,1,248.08,0,1.9334455537979531
15098,183,3,39916.5,2,3.250057868329486
15099,85,1,410.48,1,0.5079475135507282
15100,334,3,876.0,1,1.4619746664700721
15101,9,2,317.53,0,1.279833708609617
15103,32,2,703.36,0,0.5351318796138113
15104,197,2,993.54,1,1.1828279230506746
15105,19,7,2298.93,2,0.8884306273793622
15106,18,5,1422.52,0,0.7211904904360442
15107,312,6,319.5,1,1.7844822148421566
15109,246,1,484.95,1,0.7253299243169563
15110,24,4,996.1,0,0.301586008703494
15111,30,3,1567.48,0,0.43456887077130985
15113,10,3,3509.04,0,1.3131745253640015
15114,31,10,2760.56,2,0.8948637542554797
15115,19,1,340.11,0,1.3719413213212581
15116,18,4,1352.75,0,0.5274166831143233
15117,15,5,1551.78,0,0.8237403808354522
15118,135,1,244.8,1,0.21018693022497795
15119,246,1,266.4,1,0.5373092960178156
15120,134,1,358.82,1,0.31672701047191193
15121,51,2,457.72,0,0.8592758306698506
15122,115,3,1633.78,0,1.1511416145321895
15123,8,2,2199.31,0,1.2405795805478008
15124,23,2,184.19,1,1.3752367742904164
15125,26,15,11528.48,2,1.1556617435762984
15127,66,1,406.53,1,0.6376090744628222
15128,61,4,1471.0,0,0.7370313666816513
15129,51,11,3447.4,2,1.2040418274861413
15130,170,1,330.11,1,0.3439787360140445
15132,19,5,977.93,0,0.6125880264976281
15133,128,3,982.42,0,1.1369067559087882
15134,15,8,1387.99,2,1.0186087362601721
15135,240,1,139.05,1,0.7305936970030502
15136,3,4,1286.7,0,1.5709835791658189
15139,240,2,178.96,1,0.6983651965376563
15140,53,7,2354.25,0,1.3067272596594006
15142,47,1,498.74,1,0.9308451816270787
15143,226,1,259.45,1,0.47791875745551854
15144,9,17,6580.44,2,0.7081918699940086
15145,5,4,1194.73,0,1.260846636760761
15146,165,2,1327.16,1,1.370024726588642
15147,241,1,623.5,1,0.8648932059793366
15148,11,1,301.29,0,1.5583420940008976
15149,134,1,520.8,1,0.5801111529616494
15150,18,10,5291.33,2,0.48186629503493167
15152,10,13,4745.69,2,0.25506659681627025
15153,32,1,329.25,1,1.073423737454981
15154,76,1,254.28,1,0.43948891389652384
15156,2,3,961.49,0,1.745731868026886
15157,4,3,1936.07,0,1.4808939563782677
15158,46,1,401.4,1,0.8623897754166233
15159,2,30,18641.01,2,2.0949719889336698
15160,358,1,158.16,1,0.9084581989870818
15163,19,2,304.47,0,1.051146224911185
15164,69,3,824.58,0,0.6746419988209632
15165,374,1,487.75,1,0.9758761169877493
15167,321,1,158.8,1,0.835873682316483
15168,26,1,106.56,1,1.4109763862532374
15171,332,1,1289.5,1,1.4798005245549237
15172,9,5,1624.05,0,1.0831858983589657
15174,323,1,135.75,1,0.9072638887457949
15175,72,1,224.14,1,0.49315349081701654
15178,261,1,40.5,1,1.600334880271765
15179,19,5,2206.95,0,0.9314864594200795
15180,368,1,87.5,1,1.2121250772139491
15181,67,3,689.48,0,0.6870059824758356
15182,155,2,622.85,1,0.8090713006388786
15184,30,2,402.2,0,0.8214279510526558
15185,71,1,310.62,1,0.5020108012554612
15186,15,2,411.41,0,0.9293520932650351
15187,2,15,4762.18,2,1.0827278024734182
15189,2,41,16225.39,2,2.3616509249200335
15192,120,3,1044.32,0,1.091523890252189
15193,61,1,499.32,1,0.7813783768254525
15194,4,15,7616.53,2,0.881505031255346
15195,3,1,3861.0,0,2.193542997812041
15197,11,3,1079.61,0,0.6979348440588653
15198,93,2,193.64,1,0.5272821650291539
15199,60,4,1268.7,0,0.673424461181248
15201,88,5,1236.54,0,1.032693970183911
15203,26,6,1827.8,0,0.9431634896209958
15204,358,1,316.58,1,0.823308575052124
15205,86,2,653.24,1,0.8808036477218789
15206,11,4,420.3,0,0.9667798416400329
15208,2,5,870.12,0,1.825408092644516
15210,226,1,331.18,1,0.5109464689699722
15211,61,2,894.41,0,0.7489773241448316
15212,242,1,101.8,1,0.9258154100529583
15213,319,2,328.35,1,0.8227350028083544
15214,2,8,1661.44,2,1.3020053099106774
15215,47,3,734.94,0,0.4225202318579101
15216,88,1,96.6,1,0.8739657780889342
15218,11,11,5756.89,2,0.2713495697766483
15219,177,1,305.75,1,0.3383808058084881
15220,52,6,1778.96,0,1.0332484426902033
15221,367,1,403.25,1,0.8955478464829343
15222,319,1,585.0,1,0.9659182897539244
15223,226,2,755.75,1,1.0296289653663426
15224,359,2,322.08,1,0.897632716047036
15225,235,1,409.4,1,0.6151944813528409
15226,311,1,154.41,1,0.8270875617870637
15227,37,5,1219.4,0,0.6149221739978337
15228,67,4,3386.71,0,1.2588622198581583
15230,240,2,429.6,1,0.7366533421789884
15232,114,2,612.06,1,0.7878326038872854
15234,277,1,197.0,1,0.6652152670900748
15235,218,12,2247.51,2,2.350901157876015
15236,299,1,321.05,1,0.6957283054241035
15237,2,4,1412.32,0,1.7982264787177595
15238,30,3,1071.99,0,0.14306127114840644
15239,11,2,780.59,0,0.84623239085248
15240,45,5,1706.57,0,0.8081095734824393
15241,67,8,1756.44,0,1.4016170627819264
15243,75,1,316.68,1,0.470426972507589
15244,66,2,631.57,0,0.8504508802274418
15245,135,3,2515.84,0,1.4273109017466756
15246,239,2,514.15,1,0.8202942006522331
15247,123,1,356.0,1,0.3107565803080296
15249,32,13,6688.46,2,0.9572638439107339
15251,10,11,10484.99,2,0.7436945612627
15252,37,2,740.78,0,0.5490090408933708
15253,17,5,918.2,0,0.6530789046938869
15254,128,1,300.36,1,0.22179761360813113
15255,67,1,890.85,1,1.1080565482853484
15256,149,1,98.45,1,0.8214266812505968
15257,284,1,317.15,1,0.657014654286011
15258,169,2,623.16,1,0.8240098033971438
15260,101,7,1810.77,0,1.4578912243659288
15261,136,1,254.82,1,0.20448007858468795
15262,324,1,178.95,1,0.8000182172900466
15263,107,1,156.51,1,0.4814133896956139
15264,65,1,393.74,1,0.6333036436833198
15265,152,2,1506.12,0,1.4100442330197949
15266,339,1,119.3,1,0.9985689624254029
15267,23,5,1717.36,0,0.7499927705066352
15269,24,1,408.8,0,1.263932297779363
15270,16,7,2379.49,2,0.8148036871309114
15271,8,15,2493.34,2,0.6116849358931361
15272,58,2,721.94,0,0.745816552836304
15274,5,2,716.57,0,1.3211508552668192
15275,38,1,615.14,0,1.1449462774003403
15276,67,1,128.63,1,0.7791952936640157
15277,47,1,255.9,1,0.7792487528734228
15279,355,1,290.51,1,0.807791365880428
15280,173,1,113.12,1,0.7430963439997185
15281,59,9,2332.15,2,1.4090900222660263
15286,50,1,240.55,1,0.7378490801166288
15287,23,2,486.69,0,0.718618954919606
15288,44,5,2306.52,0,0.970040583059074
15289,30,3,939.78,0,0.07504643738823252
15290,5,18,7943.22,2,0.9711739327623437
15291,26,14,4623.3,2,0.7735566188852662
15292,202,1,178.39,1,0.5097092928828778
15296,51,6,3672.86,0,1.4185617295678135
15297,11,3,641.94,0,0.7443330143562732
15298,3,12,4799.9,2,0.786745730198171
15299,68,6,3907.01,0,1.5369628115720444
15300,65,1,496.44,1,0.7448101849020701
15301,51,12,5049.95,2,1.2109675314861292
15303,291,1,574.02,1,0.9060183488278674
15304,61,8,694.4,0,1.2880945814879257
15306,65,3,1174.35,0,0.6542044255668072
15307,96,1,205.3,1,0.35448565471521626
15308,275,1,310.47,1,0.6305701302416966
15311,1,91,60632.75,2,3.911842755030923
15312,76,4,924.85,0,0.7864636402451056
15313,111,1,52.0,1,1.3140181539726232
15314,200,1,327.97,1,0.43114284058124913
15315,65,2,570.5,0,0.8745452363713565
15316,327,1,165.0,1,0.8335153108896886
15318,4,1,312.62,0,1.934160587109004
15319,284,1,204.5,1,0.6724570916467809
15320,45,1,267.13,1,0.8104443711937201
15321,71,3,2748.31,0,1.118349379282197
15322,86,1,679.68,1,0.8383168709776158
15325,104,1,161.74,1,0.46544433937089214
15326,334,1,311.71,1,0.7706606827750443
15327,53,1,208.75,1,0.7171988293577262
15329,40,3,1049.7,0,0.28417031433521933
15330,33,2,714.96,0,0.5343638430842101
15333,209,1,1028.56,1,1.1706933041550733
15334,157,3,347.87,1,0.8646363241476047
15335,54,1,170.22,1,0.7642904285723657
15339,67,2,574.07,1,0.8854303499169708
15341,81,1,2020.52,0,1.4760273374299329
15342,130,1,406.09,1,0.397149648994808
15343,88,1,364.5,1,0.42926635499940785
15344,1,3,563.94,0,2.0927515888496573
15345,46,1,393.54,1,0.8563411379303719
15346,333,1,252.42,1,0.7578126558148471
15347,367,1,201.6,1,0.8565994673002999
15348,73,1,158.04,1,0.6212973632970012
15349,159,2,463.91,1,0.6253810043316318
15350,374,1,115.65,1,1.0707745217204232
15351,13,7,1934.66,2,0.8731330672110311
15353,255,2,770.12,1,1.0837393873524572
15355,30,2,277.05,0,1.0775968131175482
15356,32,10,2718.03,2,0.9211304917434555
15358,5,22,8347.2,2,1.2026285400136436
15360,40,1,427.93,1,0.9760430217088911
15361,362,1,418.92,1,0.8983011461175934
15363,373,1,326.0,1,0.8575882783513716
15364,96,2,913.19,0,1.0347235174362193
15365,26,7,2314.32,2,1.0245861843367237
15366,76,2,602.51,1,0.8661573013450665
15367,58,4,1877.59,0,0.8292513966169411
15368,22,1,446.94,0,1.2365390813483894
15370,41,7,2386.05,0,1.2573943890152837
15372,138,1,2007.4,1,1.6415420466609263
15373,9,12,2415.91,2,0.4587281382701887
15374,129,1,168.0,1,0.4121859790723372
15376,41,3,1221.56,0,0.3623247004338951
15379,170,7,3703.29,0,1.9984609420358042
15380,9,5,1690.26,0,1.0971213907512887
15381,214,2,596.85,1,0.8612581478946496
15382,15,6,5955.71,2,0.8865017331371886
15384,170,2,642.41,1,0.8456835274089916
15385,41,1,316.88,1,0.8901407640048327
15386,187,1,394.14,1,0.4757560533331664
15389,173,1,500.0,1,0.5952695827087323
15392,5,4,1535.53,0,1.3096514879580592
15393,17,2,231.86,0,1.2624373743380795
15394,10,4,2183.54,0,1.0570682862321157
15395,326,1,107.45,1,1.032761160938936
15396,113,1,288.18,1,0.2277159188699043
15397,290,1,94.0,1,1.0542611204765078
15398,17,2,1345.53,0,0.6813980656375818
15399,2,3,815.77,0,1.7480318736045204
15400,93,5,716.2,0,1.059810014898404
15402,149,2,626.35,1,0.8079626317496568
15405,190,1,349.1,1,0.4249099405878692
15406,32,2,510.71,0,0.6806019624075735
15407,34,4,1046.74,0,0.3182409143732238
15408,265,1,267.18,1,0.5904909727786645
15410,85,8,3450.84,2,1.6404654890702326
15411,27,4,1348.93,0,0.4098090221016237
15412,172,1,190.53,1,0.3984936677733027
15414,10,3,774.9,0,0.7648359873816372
15415,314,1,559.61,1,0.9338789249349242
15416,65,4,3984.32,0,1.3589474343773629
15417,86,1,508.8,1,0.6357579842248663
15419,25,1,135.86,1,1.3479477129353241
15421,59,4,950.36,0,0.6110497030029479
15422,324,2,97.7,1,1.1379699690925547
15423,39,1,43.5,1,1.7021424242873926
15424,255,2,383.34,1,0.725479223554458
15426,20,5,1404.07,0,0.6840480008310154
15427,34,3,1430.54,0,0.3845695659778874
15428,16,1,93.78,1,1.76626801284469
15429,27,2,397.35,0,0.8289449778011247
15432,24,1,171.19,1,1.3148716310388269
15433,214,2,533.3,1,0.7947993260424083
15434,9,5,1041.48,0,0.987171991117572
15435,23,1,149.29,1,1.376991075284766
15436,13,3,1067.75,0,0.5810114573319548
15437,263,1,200.16,1,0.6257370865841768
15438,132,1,156.58,1,0.46308981951114725
15440,55,3,383.68,0,0.8613566799311524
15442,249,1,594.0,1,0.8489116300966303
15443,2,7,3213.59,2,1.1695543736584921
15444,10,2,1411.21,0,0.9552435138733608
15445,265,1,113.5,1,0.8970966882063587
15447,331,1,155.17,1,0.8646030634368171
15448,313,1,494.64,1,0.8713650553035441
15449,27,3,974.52,0,0.08287408173305538
15450,31,1,429.84,1,1.1502493678825945
15452,30,3,528.48,0,0.45105552069878047
15453,2,7,1371.77,2,1.4560470856180496
15454,363,1,179.1,1,0.8776741358082162
15456,284,3,434.59,1,1.0976802929638807
15457,263,1,237.07,1,0.5913582571018998
15458,26,1,161.64,1,1.272299262707133
15460,355,1,214.26,1,0.8214759844270721
15462,95,3,234.6,1,0.8559861777093398
15463,30,1,126.14,1,1.2539567214642233
15464,339,1,1044.65,1,1.3457699663220715
15465,20,18,7354.62,2,0.9608747679991949
15466,86,1,334.53,1,0.4044185250198272
15467,10,3,524.88,0,0.8769453996200379
15468,52,2,467.51,0,0.8559256937082463
15469,51,2,538.55,0,0.7804241338892628
15471,3,1,454.48,0,1.9499791228022907
15472,114,1,371.56,1,0.3473361213697572
15473,15,7,1771.2,2,0.9508276953000003
15475,78,1,454.11,1,0.6050235357025807
15478,41,2,1399.92,0,0.649148991095547
15482,16,11,10839.76,2,0.8416749609457569
15483,162,4,225.26,1,1.169706696080025
15484,2,4,3590.41,2,1.6210907925744356
15485,31,3,2564.5,0,0.8290071795150876
15488,93,1,91.32,1,0.9033103674840501
15489,23,3,1134.28,0,0.235033750275357
15491,96,6,3100.09,0,1.5407312758987541
15492,29,2,659.46,0,0.5508513017459177
15493,33,5,1953.41,0,0.8164763648994048
15494,22,2,1280.58,0,0.5803283576202299
15497,18,2,1262.2,0,0.637468730328569
15498,3,27,13316.4,2,1.739807216004918
15500,9,4,1131.56,0,0.8814786211811273
15502,16,10,6923.98,2,0.5457018988898319
15503,363,1,141.04,1,0.9620739655188346
15504,82,1,52.83,1,1.33987964666711
15505,53,5,3610.96,0,1.3094042135466244
15506,23,3,972.08,0,0.16986170652725152
15507,172,1,475.86,1,0.5596755900523909
15508,190,6,1000.27,0,1.6258336059070366
15510,331,1,250.0,1,0.7537918820340298
15511,12,5,900.53,0,0.8213839664733952
15512,156,2,121.0,1,0.7564958272040877
15513,34,19,14758.22,2,1.550149180303375
15514,13,11,4023.72,2,0.19222936645669833
15516,45,3,62.43,1,1.6172996030775328
15517,234,1,267.03,1,0.502058709528581
15518,65,8,1921.55,0,1.4198361531890304
15520,2,1,343.5,0,2.197011628365197
15521,41,8,3000.2,2,1.14265431406425
15522,33,2,397.99,0,0.8349245846178973
15523,85,1,412.01,1,0.5100294849021726
15524,25,1,440.0,0,1.2319647405317204
15525,3,3,731.87,0,1.5363595222315654
15526,34,2,148.44,1,1.1672351541633954
15527,19,8,2428.53,2,0.7584843347353385
15528,255,1,229.33,1,0.5741255127223938
15529,23,11,3960.05,2,0.6041155070317478
15530,22,4,1497.31,0,0.5096960831141472
15531,9,2,1972.39,0,1.1334913919266587
15532,26,4,1554.83,0,0.5039518547771554
15533,20,3,807.57,0,0.2819901477044991
15535,174,4,502.9,1,1.2811770993946285
15537,164,1,110.92,1,0.7459675764804028
15539,8,1,538.46,0,1.4697250373391604
15540,12,1,213.3,0,1.7090454328525935
15541,115,1,85.13,1,0.9288206181741202
15543,289,1,127.86,1,0.8737444646517437
15544,10,9,3546.71,2,0.2916446300046415
15545,55,2,288.97,1,0.7537994056817923
15547,8,14,4910.6,2,0.38817448557035444
15549,78,3,1677.71,0,0.9014741036375897
15550,5,4,575.63,0,1.298970144259857
15551,37,1,436.06,1,1.034235165074648
15552,218,1,90.12,1,0.9711525538956723
15553,61,1,428.93,1,0.707708049622089
15554,278,1,217.2,1,0.6443318465545512
15555,13,16,4791.87,2,0.5624058529300946
15556,25,1,279.77,1,1.2394069341400855
15557,29,1,468.91,0,1.2048941525512435
15561,12,4,800.59,0,0.6867079447389887
15562,352,1,134.55,1,0.9632749654752764
15563,23,3,1361.44,0,0.3552143878488387
15565,51,2,173.16,1,0.8675541823641055
15567,19,1,186.01,1,1.4643325986507307
15568,3,3,758.29,0,1.5332155951903614
15569,104,5,1375.71,0,1.1600376122763383
15570,8,12,4148.82,2,0.19239010204573645
15571,12,4,650.43,0,0.7325460009307276
15572,5,7,2533.42,2,0.8463116781241279
15573,32,2,583.24,0,0.6114073086415264
15574,178,4,675.64,1,1.3967806722082068
15576,38,1,921.37,0,1.09838862072201
15577,152,3,258.88,1,0.8318414685024057
15578,163,1,127.1,1,0.6448348193636064
15579,69,2,327.6,1,0.6362865857772408
15581,157,10,717.43,0,1.932516674321177
15582,25,3,682.91,0,0.262937013751059
15584,24,4,720.86,0,0.353832662005952
15585,177,1,455.3,1,0.539834359963813
15587,51,4,913.68,0,0.5144091688419029
15589,256,3,478.53,1,1.0873738925286534
15592,47,1,388.58,1,0.8380760476814147
15593,71,1,199.8,1,0.5339781097351523
15594,16,5,1771.78,0,0.8594537173641182
15596,101,5,1406.59,0,1.1466083295191518
15597,36,1,324.57,1,0.9868051404170016
15598,54,1,240.68,1,0.6826087965595065
15599,27,2,761.74,0,0.5058055804670314
15601,12,14,6776.56,2,0.5319449689011504
15602,9,9,1297.87,2,0.9745356074765246
15603,79,1,48.48,1,1.4118637725054641
15604,53,1,216.39,1,0.7101779116744744
15605,37,5,1198.23,0,0.6098768654240996
15606,62,9,2920.16,2,1.3960016462466929
15607,337,1,104.76,1,1.0643769621665586
15608,29,4,1093.68,0,0.3028464994997642
15609,185,1,298.48,1,0.3581363545765959
15610,52,1,112.46,1,0.9819264727098257
15611,10,11,1570.45,2,0.7830663051527846
15612,37,2,195.15,1,1.0426743477772762
15615,11,23,10399.74,2,1.2629071771688922
15618,33,4,776.85,0,0.32152389040757157
15619,11,1,336.4,0,1.50926109079153
15620,57,3,1553.18,0,0.6735109852813016
15621,5,4,1293.03,0,1.2729801199930606
15622,44,9,3709.56,2,1.118880411358825
15623,142,1,301.03,1,0.23716421642624114
15624,117,4,588.13,0,1.1564157027625859
15625,104,4,1534.26,0,1.0930893869437373
15626,75,2,675.8,0,0.9081655857104773
15628,5,9,2870.24,2,0.6061841381776165
15630,46,2,1186.35,0,0.6356894024678778
15632,16,8,3285.31,2,0.5695245951603756
15634,18,1,243.55,1,1.4774837396106741
15636,90,2,724.76,1,0.9405669191807366
15637,53,1,223.36,1,0.7049024294605616
15639,135,1,425.32,1,0.4317148452089734
15640,5,15,12416.11,2,1.0801269880615787
15641,106,4,1887.2,0,1.1780608877947811
15643,192,3,664.0,1,1.1479373153716506
15644,167,4,803.54,0,1.3673060167748599
15645,19,1,611.59,0,1.1626134040178429
15646,158,3,447.64,1,0.9377547903227198
15648,205,2,639.5,1,0.8902938513668407
15649,337,2,816.0,1,1.235333065989834
15651,37,3,646.3,0,0.35123192671016873
15652,92,1,337.74,1,0.37235163623574385
15653,93,2,877.44,0,1.0141937281586828
15654,10,2,922.53,0,0.8911678344949278
15655,244,1,560.67,1,0.8043632299239901
15656,46,4,748.5,0,0.47967981826689277
15657,23,1,30.0,1,2.1605332609372723
15658,191,5,1024.1,0,1.53753076468845
15659,44,1,306.45,1,0.8352534587702188
15660,26,9,1600.86,2,1.0667813880256152
15661,318,2,309.8,1,0.8120731209911942
15663,107,1,138.14,1,0.5703283425465538
15664,51,1,386.43,1,0.7816990634549752
15665,169,2,2222.21,0,1.5950833841059155
15667,40,1,301.32,1,0.9022796747683587
15668,218,1,76.32,1,1.0897498706181559
15669,41,4,684.34,0,0.4519938625872031
15670,297,1,173.05,1,0.7533951778252393
15671,19,7,2657.13,2,0.8317887872164478
15673,89,4,2726.23,0,1.2537894720171159
15674,74,4,2111.89,0,1.0175521905973735
15675,82,3,323.69,1,0.9012993104725996
15676,19,3,3435.76,0,1.1005522663915746
15677,50,1,657.23,1,1.036191732448758
15678,53,1,352.7,1,0.72976686363589
15679,25,4,781.28,0,0.31249518397341913
15680,10,3,1333.68,0,0.8094046867126432
15681,26,5,1426.16,0,0.6445613782872369
15683,118,1,193.75,1,0.3219349179014437
15687,9,9,2993.1,2,0.37829885811554687
15689,120,2,254.1,1,0.40252276509141555
15690,5,2,239.76,0,1.6939427857394844
15691,253,1,136.8,1,0.7665702767110371
15692,29,1,191.04,1,1.159945626793752
15694,1,13,6464.4,2,1.366308728613007
15695,267,2,409.98,1,0.7743589267714567
15696,34,8,2711.11,2,1.042502366256448
15699,18,1,309.65,0,1.4256857384002073
15700,173,2,696.68,1,0.904604070489692
15701,3,4,1529.0,0,1.6006347323872994
15703,265,1,211.5,1,0.616678939387865
15704,141,4,2293.62,0,1.4386605084770516
15705,202,1,143.1,1,0.6337160805064664
15706,64,4,1060.56,0,0.6758029230599252
15707,36,4,916.98,0,0.3222690499297409
15708,41,7,3235.25,2,1.2047416411800023
15709,284,1,133.25,1,0.8425275464639745
15712,10,5,1072.36,0,0.9300600720745633
15713,144,2,356.7,1,0.4748451824580574
15714,12,2,330.03,0,1.138374021035275
15716,146,4,1101.11,0,1.2712006580358084
15717,235,1,150.3,1,0.6772224210729366
15719,33,13,5028.42,2,0.9126172140936478
15720,25,1,598.73,0,1.134026131014304
15721,12,1,471.4,0,1.3542339570430482
15722,36,5,2211.21,0,0.9033908560864401
15723,365,1,190.7,1,0.8650403716738381
15724,202,2,218.25,1,0.5520538321327494
15725,16,1,415.25,0,1.3191957367572296
15727,17,7,5159.06,2,0.7238238941727945
15729,213,1,85.0,1,1.0055422377472538
15730,66,3,1120.88,0,0.6550687233239526
15732,213,2,294.12,1,0.564540311672286
15733,283,1,162.3,1,0.7475979767808546
15734,115,2,1339.45,0,1.1963955943937494
15737,15,8,1188.12,2,1.1285804105181856
15738,19,16,4812.42,2,0.7039180208054768
15739,67,1,449.12,1,0.6760522309957383
15740,50,1,154.88,1,0.8493274848658233
15743,17,4,775.96,0,0.4795062978079913
15744,78,1,34.8,1,1.664675919102276
15745,20,4,1094.59,0,0.39582446624619766
15746,135,1,196.88,1,0.3096191053324982
15747,13,3,946.64,0,0.5689893062885234
15748,41,1,144.36,1,1.0024001888819958
15749,236,3,44534.3,2,3.430156260025078
15750,3,8,2463.05,2,0.9703193714209891
15752,40,7,2626.6,2,1.2286097221292929
15753,305,1,79.2,1,1.185134940732071
15754,52,3,458.57,0,0.7221640896604424
15755,11,6,2364.25,2,0.9101732867866986
15756,62,4,528.01,0,0.7834463669492909
15757,66,2,714.42,0,0.820530268434021
15758,25,1,205.25,1,1.2549233812850977
15759,219,3,253.04,1,0.9188965238787368
15762,66,2,583.75,0,0.8749027920675827
15763,32,2,1086.92,0,0.5078338229799306
15764,89,6,3279.97,0,1.5371323647895996
15766,65,1,315.06,1,0.5644301510079058
15768,116,3,621.83,1,1.0727785981970928
15769,8,26,56252.72,2,2.4166208445558457
15773,6,1,635.68,0,1.564540519504235
15774,69,1,270.8,1,0.5050938105784285
15775,246,1,104.9,1,0.9130288461725007
15776,134,1,241.62,1,0.21238343001373017
15777,242,4,1047.11,0,1.6441766295236195
15780,184,3,475.28,1,0.9867087229878533
15781,26,3,345.46,0,0.7909613138286307
15782,10,3,2614.74,0,1.1274746413016292
15783,11,1,246.3,0,1.65647265882989
15785,33,5,2328.97,0,0.926164075393879
15786,47,3,4919.0,0,1.4010340008242357
15787,27,3,933.26,0,0.06964082754021214
15789,359,1,351.3,1,0.8440249875226422
15790,11,1,218.75,0,1.718675715169812
15791,44,2,1612.69,0,0.7368612384893706
15793,15,3,965.61,0,0.46862949638645257
15795,150,1,610.01,1,0.7104356782285915
15796,2,8,2707.61,2,1.1269621357397996
15797,114,3,2192.4,0,1.2591403527076006
15799,76,3,884.14,0,0.7422678682822406
15800,108,2,696.89,1,0.8836027408080926
15801,47,3,1063.95,0,0.3996325123857977
15803,52,1,415.82,1,0.7939891962971302
15804,1,13,4206.39,2,1.3194988600632798
15805,24,17,5488.18,2,0.9014511878544834
15806,47,3,784.58,0,0.4029275263541855
15807,51,3,903.9,0,0.44297824795857316
15808,307,4,3651.27,0,2.1309440392705192
15809,37,5,515.77,0,0.7366807052401471
15810,79,4,1391.98,0,0.8794651793768337
15811,23,6,2218.62,0,1.0512959445376804
15812,108,5,1801.14,0,1.2607287874170485
15813,208,2,1303.91,1,1.3930216376772357
15814,17,4,1945.33,0,0.7573991822424149
15815,64,5,2100.6,0,1.0485309067033077
15819,50,4,1905.45,0,0.7709692407821293
15820,320,1,206.98,1,0.7534006632930011
15821,45,2,570.96,0,0.7052494868042739
15822,4,2,885.47,0,1.436788249103775
15825,173,1,532.94,1,0.6398425005818824
15826,57,3,1654.31,0,0.7063176451649853
15827,74,14,1836.09,2,1.648717637190267
15829,100,2,636.14,1,0.8307699745948918
15830,38,1,576.0,1,1.1236167583256012
15831,59,3,794.64,0,0.5638725377613988
15832,255,1,836.79,1,1.083111518428387
15834,71,4,2222.65,0,1.0237454297117137
15835,45,4,954.09,0,0.4380770588282952
15836,51,1,137.37,1,0.8897428779083609
15837,65,1,391.98,1,0.6314946517899848
15838,12,19,33643.08,2,1.8480649909704343
15839,34,3,1048.49,0,0.1816671342742842
15840,59,2,355.56,1,0.7452904864941398
15841,73,4,1224.06,0,0.7919536837859162
15843,304,1,118.95,1,0.9397980559254916
15844,47,1,130.74,1,0.960783016720925
15845,18,8,3711.77,2,0.601426675022026
15847,39,2,389.27,0,0.8746788764257797
15850,20,2,234.88,0,1.2234445487084442
15852,187,2,160.71,1,0.6339688729960118
15853,52,1,110.8,1,0.9902062018515483
15854,5,12,2969.12,2,0.5463361968765051
15855,137,5,712.24,0,1.317393350280848
15856,5,27,16142.38,2,1.7204635194701863
15857,19,1,297.0,0,1.437931356500928
15858,16,5,1427.57,0,0.7654025185347227
15860,41,8,965.16,0,1.1647721473691917
15861,13,8,3146.92,2,0.5099469144041383
15862,9,4,832.88,0,0.869284621629338
15863,26,2,68.84,1,1.654088716376954
15864,23,6,1936.32,0,0.980985927821008
15865,41,3,895.13,0,0.28246020107385184
15866,102,1,211.89,1,0.31372751106826996
15867,6,15,3803.6,2,0.5512985570456485
15869,278,2,149.64,1,0.8472106121180637
15870,33,1,351.44,1,1.061334573464045
15872,15,2,316.25,0,1.086677982088571
15874,64,7,4405.88,2,1.4878539713276373
15877,2,2,490.33,0,1.8787666974189283
15880,370,1,329.03,1,0.8532142255511085
15881,313,5,501.39,1,1.6543252409308145
15882,199,4,514.08,1,1.3109947890818716
15883,3,2,396.48,0,1.73536422153431
15885,94,1,349.35,1,0.377182692439404
15886,61,1,181.09,1,0.6641317696682691
15888,81,1,162.64,1,0.5545124068712831
15889,157,2,400.77,1,0.5437717487298795
15891,227,1,509.13,1,0.7128677656468091
15894,254,2,257.6,1,0.6590966234531461
15895,150,1,179.17,1,0.3878290552547843
15897,195,2,208.59,1,0.5468864702899852
15898,2,5,1383.83,2,1.6684220242569145
15899,369,1,56.25,1,1.4878767426284052
15900,24,1,337.28,1,1.2832420758487018
15901,17,3,349.75,0,0.8633756162234644
15903,10,7,5126.76,2,0.613040811843986
15904,9,1,164.68,0,1.9337140320496893
15906,20,7,1567.69,0,1.0802349226800942
15907,4,3,881.87,0,1.3551378033252768
15909,174,1,191.94,1,0.39978240660953523
15910,1,8,1228.88,2,1.67973116066521
15912,179,2,264.62,1,0.4748198081314144
15916,17,8,1502.86,2,0.9948502551677467
15917,248,1,123.1,1,0.817169807520996
15918,191,2,334.23,1,0.5375448981019122
15919,20,2,525.69,0,0.7061690487560346
15920,155,3,163.55,1,0.9182250511742527
15921,173,1,323.03,1,0.34410432487587145
15922,374,1,369.5,1,0.8847480703437711
15923,373,1,127.08,1,1.024475384235653
15925,195,1,207.15,1,0.4252733776277602
15930,68,1,426.63,1,0.6425632151584046
15932,5,8,2495.87,2,0.7429936003648357
15933,22,3,1107.46,0,0.24527085387431227
15935,240,1,108.04,1,0.883745049816736
15937,65,1,145.35,1,0.7260261941408817
15938,113,5,404.58,0,1.342721487221161
15939,90,14,6100.01,2,1.6850519791636047
15940,312,1,35.8,1,1.7394837814037882
15942,134,1,337.44,1,0.280255909422495
15944,277,1,325.1,1,0.6442368478989237
15945,366,1,181.0,1,0.8804439295249611
15947,83,1,1708.24,0,1.43370977640296
15948,9,2,955.24,0,0.9538506822252195
15949,17,2,364.72,0,0.9604808841314284
15950,32,4,1744.71,0,0.5873609594565247
15951,9,2,708.22,0,0.9762258364187345
15952,34,4,781.91,0,0.32790663554005695
15953,16,8,1657.28,2,0.9141447664006392
15955,25,14,4416.26,2,0.7444998835556247
15957,32,1,428.89,1,1.1278882388215075
15958,75,1,104.35,1,0.8667933620641362
15963,20,2,470.76,0,0.7655984926464379
15965,18,4,808.87,0,0.4390395392191237
15967,24,2,397.68,0,0.8365644517801588
15969,3,3,666.1,0,1.5472224483716412
15970,304,1,314.1,1,0.7038703042767708
15971,18,12,4194.9,2,0.44157549799682677
15973,367,1,307.82,1,0.8378363861519773
15974,40,7,3442.15,2,1.181550998457681
15975,85,1,371.01,1,0.45524369237017204
15976,166,2,427.64,1,0.5902698412897937
15977,18,2,1054.73,0,0.5948118030813038
15978,78,1,1098.78,1,1.2192252627790112
15980,89,3,2398.86,0,1.155143721150731
15981,25,8,3408.48,2,0.8000880354724969
15983,23,4,1465.12,0,0.4851707457654406
15984,3,10,2780.63,2,0.8427481062427258
15985,124,2,1142.42,0,1.2223584514366448
15986,31,1,168.12,1,1.1408027096674513
15987,13,7,1432.77,2,1.0572413092941597
15988,20,1,156.78,1,1.461099683403356
15990,45,2,792.11,0,0.6042256146658791
15992,4,1,41.99,1,2.890213491820894
15993,9,7,2768.97,2,0.6774848066203757
15994,55,1,414.27,1,0.7569005558278558
15996,89,6,1032.58,0,1.151906118726134
15998,37,5,3080.22,0,1.127210654580008
16000,3,3,12393.7,2,1.9858200530953962
16003,30,5,2735.37,0,1.0278925272111086
16005,13,4,578.71,0,0.7282210211687495
16006,212,1,101.4,1,0.8796328284932564
16007,48,4,1693.81,0,0.6837589315482626
16008,24,3,478.78,0,0.5415546915207037
16009,23,4,972.11,0,0.3121060085385803
16010,246,3,392.4,1,1.0122510728393275
16011,9,16,3352.96,2,0.5492076351711634
16012,36,3,1415.29,0,0.3939715044986466
16013,4,47,37130.6,2,2.760417655116666
16014,38,3,646.83,0,0.3623371895481604
16015,4,3,704.26,0,1.3715944817217514
16016,4,8,1465.51,2,1.1108835064722833
16017,48,1,211.88,1,0.7837302826012604
16018,40,2,408.9,0,0.8493904593556844
16019,47,9,3786.24,2,1.1656112568690729
16020,17,3,851.01,0,0.38288800620382524
16022,261,1,602.63,1,0.8795918805563475
16023,47,3,719.81,0,0.42991471590472297
16024,13,1,245.75,0,1.6125631027372869
16025,30,1,439.66,1,1.1789202534002647
16026,44,1,236.09,1,0.831604096927734
16027,92,6,934.62,0,1.1671085959570207
16029,39,62,72708.09,2,3.4976576209655734
16030,310,1,331.24,1,0.7273412257402846
16031,93,2,547.9,1,0.7474851277530279
16033,6,20,8778.82,2,1.077291692044073
16034,197,3,437.7,1,0.9733257764177748
16036,88,2,758.92,1,0.9773605680408582
16037,270,3,855.02,1,1.3742760807596293
16038,8,3,471.78,0,1.0523649055392648
16040,66,3,1313.55,0,0.6970411129927014
16041,31,3,3166.4,0,0.9977055993835472
16042,23,5,1177.47,0,0.5916651300957975
16043,38,4,773.99,0,0.37293155195697336
16045,120,4,1340.7,0,1.1581223939574588
16048,374,2,256.44,1,0.9117451620781792
16049,41,3,1074.81,0,0.30815818449564664
16050,174,1,137.9,1,0.6040488568487716
16052,55,1,362.06,1,0.7117440470491777
16053,33,2,1511.95,0,0.6356813997163133
16054,146,1,783.9,1,0.9006544816053142
16055,221,1,134.8,1,0.709430503232052
16056,46,1,650.75,1,1.0744511216594606
16057,17,7,2263.12,2,0.8563251162914759
16059,66,6,1453.16,0,1.0566369968184237
16062,10,4,1153.62,0,0.8171145874991773
16063,261,1,335.32,1,0.6102422976329995
16065,366,1,367.14,1,0.8679046684439771
16066,17,5,1521.04,0,0.7680478843440608
16070,23,2,852.15,0,0.5087481394997146
16071,45,1,326.24,1,0.8278776093526321
16072,289,1,584.32,1,0.9122916445873541
16073,298,1,122.4,1,0.9136473196516831
16076,4,10,2234.73,2,0.7883965028415683
16078,284,1,79.2,1,1.1555291881967888
16079,17,3,1352.0,0,0.4883669494952582
16080,82,2,217.16,1,0.5435723770685824
16081,57,5,2799.42,0,1.1664218246400666
16083,101,2,1317.62,0,1.1072394969612025
16084,300,1,436.18,1,0.7903634751703891
16085,24,5,981.51,0,0.5521156885080156
16086,60,5,1121.39,0,0.792041960887204
16091,155,2,315.06,1,0.448236753595961
16092,115,3,817.86,0,1.0587170049169405
16093,107,1,17.0,1,2.1765814367500593
16094,12,4,1078.23,0,0.6895126976891224
16096,265,1,320.62,1,0.6105046939409223
16097,241,1,185.05,1,0.5953535648736896
16098,88,7,2005.63,0,1.4259645341200144
16099,51,3,731.9,0,0.4793137651998945
16101,71,1,1290.7,0,1.3060998574705613
16102,43,3,1842.14,0,0.6416717712698524
16103,8,6,1429.64,2,1.1729782959722346
16104,62,1,298.21,1,0.5879196997347454
16105,249,1,336.96,1,0.5797164802186744
16106,66,1,108.38,1,0.8912138915642571
16107,18,7,3204.16,2,0.7558100155040779
16108,85,1,842.5,1,0.9997647680125485
16109,219,2,611.88,1,0.8845651938644769
16110,46,3,1320.95,0,0.4676648052718284
16112,144,4,195.74,1,1.1768494246049392
16113,184,1,161.38,1,0.5214484937251588
16114,171,1,135.75,1,0.6099202049473362
16115,10,8,1660.88,2,0.8475073239026809
16116,212,1,612.78,1,0.8024581299475633
16117,190,1,232.21,1,0.37580549788772605
16119,9,2,423.36,0,1.1389387328474834
16120,60,4,1309.14,0,0.6834983626033804
16121,58,2,854.66,0,0.7223961938430227
16122,74,4,684.42,0,0.8034470042666314
16123,52,1,307.78,1,0.716268274813181
16124,318,1,249.0,1,0.7245811849869512
16125,368,1,289.35,1,0.8340336795675494
16126,30,4,6287.77,2,1.544330893414309
16127,40,1,656.25,0,1.1393950329564522
16128,18,5,1880.22,0,0.8529606317169462
16131,52,6,3506.54,0,1.3941892875151043
16133,4,33,14589.04,2,1.9312077463069623
16134,22,2,618.09,0,0.6066765160050521
16135,263,1,517.55,1,0.7957839174518585
16136,60,3,709.38,0,0.6014378772982104
16139,19,3,635.41,0,0.4211026315339703
16140,66,2,725.18,0,0.8176421768792747
16141,89,1,620.4,1,0.763002312346142
16142,250,1,535.34,1,0.7887898698240428
16143,4,6,2424.94,2,1.0781074908717725
16144,247,1,175.2,1,0.6323021803994291
16145,9,11,3799.49,2,0.09915357676831078
16146,158,3,734.13,1,1.1718439686674234
16147,134,1,375.0,1,0.3448834147259191
16148,297,1,76.32,1,1.1981154085705552
16149,5,2,280.52,0,1.6167213819062791
16150,43,5,2053.02,0,0.8946599042821278
16152,269,1,1829.04,1,1.6660887450280586
16153,50,5,1824.23,0,0.8774274956426565
16156,9,9,3092.04,2,0.36049979828411416
16157,16,3,656.69,0,0.5005292749604832
16159,282,1,348.2,1,0.6728262388337706
16160,66,2,1025.44,0,0.7998013251115829
16161,2,19,5533.67,2,1.2651818448488068
16162,253,1,37.4,1,1.6510486312768642
16163,233,2,856.6,1,1.1228594336635305
16164,18,3,822.48,0,0.3487286935995404
16168,11,27,3787.6,2,1.2535356010246572
16169,9,4,1822.97,0,1.0254452535324499
16170,51,6,1885.05,0,1.0517303965405091
16171,60,1,73.2,1,1.1887124109171257
16172,96,5,1140.21,0,1.0751947492810174
16173,16,6,1418.32,0,0.9358951315037457
16174,127,3,1009.55,0,1.1322005246699283
16175,95,4,1037.59,0,0.9517910476746188
16177,51,1,331.95,1,0.7426610792832671
16178,139,1,197.9,1,0.3104052114143233
16179,61,1,215.83,1,0.6131010491536601
16180,101,8,10254.18,2,1.9039154741037958
16181,74,1,305.54,1,0.47119957197817575
16182,73,4,6617.65,0,1.7582221093126438
16183,68,1,338.71,1,0.5520976292454105
16184,65,6,1158.79,0,1.000710968709244
16185,17,2,529.41,0,0.7534819276411691
16186,23,12,4006.94,2,0.6159714098718228
16187,32,15,6911.44,2,1.0327128789166364
16188,45,4,981.86,0,0.4402248541165427
16189,16,2,215.48,0,1.3272155189223505
16190,41,1,215.08,1,0.8933963297408916
16191,3,13,5180.52,2,0.8218823564811519
16193,237,1,314.45,1,0.5296927089041982
16198,76,1,400.68,1,0.55121921955849
16200,5,2,1068.87,0,1.3113959690756882
16201,4,4,1863.47,0,1.491907588791792
16202,361,1,365.27,1,0.8569482137598666
16203,59,4,592.9,0,0.7050723114584788
16204,24,1,384.18,0,1.2903156044137813
16205,31,4,751.03,0,0.3210828370749203
16206,55,4,537.06,0,0.7101771754719508
16207,26,1,394.38,1,1.2519943752333085
16208,45,2,664.26,0,0.6473333210970098
16209,89,5,2262.62,0,1.244161050701091
16210,2,17,21076.3,2,1.7440785602690263
16211,89,1,547.02,1,0.6737241613338788
16212,20,2,690.34,0,0.5915343854780021
16213,79,1,159.0,1,0.5789739324210215
16214,171,3,1062.75,0,1.3605520459624096
16215,81,1,242.35,1,0.4019376424162193
16216,268,1,914.93,1,1.1629488059316024
16217,236,2,304.25,1,0.6254689976012305
16218,30,7,3084.68,2,1.0213176718937276
16221,37,3,860.86,0,0.21406939731706098
16222,319,1,773.55,1,1.1267644730686255
16224,58,4,1295.3,0,0.6591090933979983
16225,45,5,1096.32,0,0.652837637336984
16226,204,3,255.12,1,0.8957715057076004
16227,226,1,314.22,1,0.4975533324940794
16229,88,2,1010.6,0,0.9797973815444676
16230,190,2,542.03,1,0.7638156748975613
16232,44,4,990.88,0,0.42813587097795947
16233,72,3,536.68,0,0.8237248656947589
16235,41,4,857.31,0,0.3886623184570087
16236,79,1,432.2,1,0.5710177331957962
16239,57,2,414.2,1,0.8122399538099399
16240,25,2,3718.8,0,1.2252231568294552
16241,10,13,2590.31,2,0.4458058794227023
16242,9,7,3579.86,2,0.605418539364388
16243,34,2,409.1,0,0.8206092208952158
16244,212,2,1522.75,1,1.5122065152186892
16245,24,3,1413.66,0,0.3709157683056151
16247,171,1,114.56,1,0.7311561227234021
16248,62,1,152.94,1,0.7262681604481679
16249,53,5,1800.07,0,0.8928606388511594
16250,262,2,389.44,1,0.7458220149220836
16253,67,2,3683.86,0,1.3750062972300725
16255,17,8,2619.91,2,0.6767905483603714
16256,267,1,752.43,1,1.029873333717486
16257,177,1,21.95,1,1.993634017438582
16258,46,5,5203.51,2,1.5179160163788181
16260,51,1,1035.45,0,1.1662980879821043
16261,18,4,728.54,0,0.4660148063173749
16265,10,9,5347.0,2,0.3308993640847382
16266,74,7,861.89,0,1.1991773408601958
16268,72,2,617.65,1,0.9003700564283161
16270,354,1,1141.24,1,1.4224301704415934
16271,16,4,1389.64,0,0.5964589006616512
16272,117,1,411.7,1,0.41168614491517025
16274,374,1,331.55,1,0.8622950247890219
16275,197,1,559.87,1,0.7149735924277775
16276,177,1,810.6,1,0.9541819930338813
16278,101,1,566.38,1,0.6665245527772762
16279,22,3,1502.78,0,0.43993094262466426
16281,73,1,2062.06,0,1.442939750139575
16282,340,1,168.3,1,0.852420530774532
16283,6,5,1569.11,0,1.2932786958428455
16284,32,2,812.68,0,0.49980527727658847
16287,170,1,142.5,1,0.5746774595892018
16292,122,1,302.25,1,0.22664790730093073
16293,22,10,2248.99,2,0.7644772008837665
16295,10,4,1328.55,0,0.8496181105185056
16297,269,1,301.9,1,0.610664321871576
16298,23,3,598.2,0,0.38252462519208646
16302,127,1,233.22,1,0.2203253501982824
16303,26,3,5360.63,0,1.419675255929901
16305,139,1,361.22,1,0.3253399779922825
16306,214,6,632.27,0,1.7313489323111366
16308,38,4,2560.0,0,0.8926145055511316
16309,107,2,706.57,1,0.89440110113234
16311,18,2,616.26,0,0.667242273307219
16313,4,2,274.15,0,1.7341997882719122
16315,331,1,226.37,1,0.7625891508905316
16316,65,8,2938.91,2,1.4654807797872544
16317,120,3,1341.65,0,1.128289676443566
16318,36,1,328.15,1,0.9883151095168535
16319,218,1,404.4,1,0.567161703737318
16322,2,2,326.75,0,1.9912013118232927
16323,197,1,207.5,1,0.4305971887720731
16324,129,3,408.59,1,0.8923558830925759
16325,47,3,594.24,0,0.5188295509101124
16326,6,14,3039.22,2,0.5387984655513822
16327,15,6,3789.67,2,0.8414764788340382
16330,18,3,251.91,0,1.0926526067272515
16332,29,7,1582.8,0,1.0529958191475108
16333,8,22,26626.8,2,1.7816039329586222
16337,37,1,151.05,1,1.0526613664778228
16338,158,1,214.8,1,0.30426382947499436
16339,285,1,94.05,1,1.04611164667356
16340,108,1,534.31,1,0.6113854568948394
16341,25,4,1971.87,0,0.6753407314826682
16342,76,4,322.41,0,1.1518836229368958
16343,17,2,328.58,0,1.026570819279937
16344,159,1,101.1,1,0.8099095003841836
16345,45,1,565.46,1,1.0146739736649035
16347,12,2,847.45,0,0.7893540149895055
16348,33,7,1413.31,0,1.0248204686408393
16349,291,1,53.5,1,1.4326631320655556
16350,22,4,1116.47,0,0.3615215548333145
16351,333,1,153.9,1,0.8717071713533278
16352,18,2,494.44,0,0.76828437009878
16353,4,23,6675.71,2,1.244371044419486
16354,64,2,395.8,1,0.7322431971288436
16356,198,3,211.77,1,0.904007621324481
16357,34,3,658.88,0,0.3062168895936576
16358,2,4,2027.5,2,1.7168798557149751
16359,8,9,1750.92,2,0.7578386738882481
16360,5,6,3450.41,2,0.9216265499739029
16361,10,4,891.21,0,0.7969951767185546
16362,33,5,709.99,0,0.5860727427435881
16363,54,1,109.36,1,0.9785072298840393
16364,12,2,705.79,0,0.8148735697382636
16365,18,9,1540.42,2,0.9413231995633671
16366,19,1,327.3,0,1.3900919392273545
16367,38,2,800.67,0,0.540264602407858
16368,3,2,479.91,0,1.6816216434466034
16369,19,3,1543.33,0,0.5118689334559353
16370,83,4,1301.91,0,0.8940535663272382
16372,34,2,355.73,0,0.9120842997539574
16374,67,2,458.78,1,0.7695678653862188
16376,9,2,974.96,0,0.954514271406182
16377,268,1,676.2,1,0.9628450801096473
16378,248,3,362.95,1,0.9975255226510169
16379,5,4,2157.4,0,1.4195261167857431
16380,62,1,1743.15,0,1.328763615899179
16383,75,2,643.76,1,0.9117903007753887
16384,90,2,584.5,1,0.796680730424705
16385,61,3,554.86,0,0.7050667169959802
16386,29,2,302.57,0,1.0142088957136417
16387,323,1,94.36,1,1.1027519692913883
16389,54,4,1382.07,0,0.6412188894018295
16392,270,1,217.89,1,0.6232570374575501
16393,3,13,3040.96,2,0.8412313903077987
16394,57,5,1555.34,0,0.859283896373568
16395,61,5,1482.06,0,0.8735273692367364
16398,155,2,1705.8,0,1.4544307503387157
16399,20,2,406.22,0,0.8529103175965927
16400,95,1,303.93,1,0.31786164019874874
16401,2,12,4098.32,2,0.9963304908090118
16402,265,2,293.45,1,0.6899713116641352
16403,313,1,177.5,1,0.7793580538477866
16404,71,1,443.05,1,0.638096389583744
16405,303,2,167.25,1,0.8526646866018025
16406,19,1,154.35,1,1.5001059717743082
16407,13,10,2079.68,2,0.6013697585984239
16409,37,5,2022.98,0,0.8532735478402682
16411,20,2,211.7,0,1.2984718792092769
16412,54,1,135.99,1,0.8617080193435613
16413,57,1,262.2,1,0.639757065802702
16414,22,2,126.25,1,1.4971091819375355
16415,45,1,200.27,1,0.8401747413425962
16416,27,3,1051.4,0,0.12749386011684075
16418,45,3,631.12,0,0.4626568248765597
16419,113,6,958.71,0,1.2894808254391155
16422,18,51,34684.4,2,2.7830947848611998
16423,25,1,346.12,1,1.2573616267605714
16424,192,1,133.56,1,0.6581143440745291
16425,303,1,302.7,1,0.6962493382600025
16426,3,10,1863.76,2,1.0109115908060349
16427,264,2,241.06,1,0.6863813243000555
16429,107,1,284.55,1,0.2446169309218275
16430,58,1,300.85,1,0.6359000981652134
16431,214,3,623.28,1,1.141673997878707
16432,65,1,287.4,1,0.550629850575927
16433,29,1,184.26,1,1.1667529778015273
16434,30,7,1511.8,0,1.0389908280620985
16438,6,5,798.35,0,1.225269839418502
16440,8,5,3640.67,2,1.0280303085438935
16441,68,2,381.2,1,0.6869802246665707
16442,2,3,609.3,0,1.7764484005314691
16444,47,4,654.67,0,0.537773050590748
16445,34,1,230.51,1,1.0204317837577892
16446,1,2,168472.5,2,3.829789458087962
16447,136,1,255.91,1,0.20402641695532336
16448,199,1,182.99,1,0.4894618545100396
16449,198,2,707.69,1,0.9467251076263068
16450,150,1,311.92,1,0.2675416577383415
16451,88,1,266.97,1,0.3430541245350131
16454,65,1,5.9,1,2.985299866659652
16455,64,7,1841.18,0,1.2652585453001506
16456,100,5,2158.18,0,1.2859774094188017
16457,219,1,208.36,1,0.4939649642371091
16458,3,18,3482.74,2,1.0360406061620717
16460,29,3,811.23,0,0.11831028979649193
16461,178,1,142.92,1,0.5869107314619193
16462,74,3,136.0,1,1.0610293144020135
16463,22,4,1422.4,0,0.4787315305169707
16464,20,3,1298.66,0,0.38132126403551464
16466,34,7,1595.96,0,1.064320121488643
16468,75,1,74.9,1,1.1011159471018075
16469,24,4,625.42,0,0.4276417347916395
16470,52,4,752.77,0,0.550926185756089
16471,275,1,223.95,1,0.6311359496221216
16473,165,3,316.11,1,0.8561440603509305
16474,8,7,1810.49,2,0.9035918533273527
16475,89,4,544.3,0,0.9934153504924992
16477,64,7,2494.46,0,1.3902595418515853
16478,26,3,331.0,0,0.825056486040747
16479,11,2,300.83,0,1.2262272490665929
16480,76,1,769.29,1,0.9633635569936925
16482,16,1,220.62,1,1.56710991953302
16483,193,1,139.35,1,0.632270699872936
16484,174,2,404.3,1,0.5755803843868347
16485,78,1,363.65,1,0.4928623326469522
16488,34,3,498.8,0,0.5133335653892539
16491,47,1,731.5,1,1.1290049206550579
16493,80,4,1351.63,0,0.8791910024562286
16494,297,1,826.53,1,1.1362448203901183
16495,4,3,648.26,0,1.3835645147056705
16496,9,3,1599.52,0,0.9372578807989692
16497,50,6,2965.69,0,1.2830729668627447
16498,162,2,100.97,1,0.8847912661068446
16499,361,2,365.45,1,0.9246196343281617
16500,5,6,400.86,0,1.5809360111284796
16503,107,4,1431.93,0,1.0931021889394
16504,26,1,465.88,0,1.2087404288696344
16505,32,1,777.6,0,1.088627109662367
16506,20,2,90.3,1,1.6781583985846575
16509,297,1,363.7,1,0.7202187106481069
16510,373,1,248.1,1,0.8423399139200648
16511,22,3,916.33,0,0.19471798137946328
16513,5,4,874.59,0,1.2438737087776803
16515,53,5,1624.14,0,0.8454646037323174
16516,31,1,101.7,1,1.3238661190475363
16517,278,1,162.7,1,0.7355656260330713
16518,62,2,484.32,1,0.8324587916542099
16519,26,2,212.98,0,1.2702468164800411
16520,187,3,1046.57,1,1.4071072465326364
16523,2,21,9418.47,2,1.4869342004288941
16525,3,26,13027.45,2,1.6922497654995552
16526,172,1,290.36,1,0.3100154213409019
16527,82,1,228.06,1,0.405398244696088
16528,4,1,244.41,0,2.0301956178677782
16529,191,1,455.25,1,0.5688569110922157
16531,23,7,1244.59,0,1.000320175198159
16532,18,3,6748.8,0,1.6372966927427643
16533,20,3,1082.81,0,0.29285977013648146
16535,6,1,593.75,0,1.575854543001633
16536,111,1,548.12,1,0.6265482770616948
16539,3,4,1388.81,0,1.5826775932572168
16542,54,1,119.62,1,0.9283120502774529
16545,165,1,339.3,1,0.3424332078298459
16546,291,2,787.15,1,1.1494967835705954
16549,11,10,4034.9,2,0.1439734310076839
16550,109,5,2298.97,0,1.3616003148310514
16551,96,3,922.12,0,0.9178507565480932
16552,243,2,379.73,1,0.6960130693700473
16553,164,12,5719.82,2,2.097605606265147
16554,43,3,837.1,0,0.32544087036491975
16555,36,2,285.89,1,1.0348393514470355
16556,67,7,3313.79,2,1.529839712850255
16557,25,2,281.85,0,1.0683851494950076
16558,1,20,8338.49,2,1.6383076456052659
16560,27,2,841.41,0,0.487864724992142
16561,6,2,511.12,0,1.286625898467708
16563,54,1,1077.74,0,1.1861371186954048
16565,365,1,173.7,1,0.8904196505114819
16566,16,5,614.66,0,0.752275175135306
16567,195,2,865.6,1,1.0819971810830362
16569,4,1,124.2,0,2.359298295241649
16570,16,10,3738.4,2,0.37026952896345977
16571,27,3,1421.69,0,0.35658977755096666
16572,128,3,1009.6,0,1.1381379031654935
16573,85,2,663.61,1,0.8942675143111043
16574,72,1,451.44,1,0.6408072332360152
16581,183,1,105.84,1,0.8053433404118908
16582,114,1,313.62,1,0.2544389451220503
16583,374,1,233.45,1,0.8486197568151886
16584,81,2,936.08,0,0.9229444554717202
16586,249,1,463.95,1,0.7085640498416763
16587,233,1,225.15,1,0.5151278017841047
16589,72,3,459.24,0,0.8957851205503887
16591,69,1,213.5,1,0.5327225129115656
16592,5,16,4113.68,2,0.6907144065436519
16593,51,3,330.03,0,0.9344429891541224
16594,76,1,181.09,1,0.5325233023853245
16595,62,1,360.16,1,0.6308616560699418
16596,16,2,250.15,0,1.2237205166498097
16597,5,1,90.04,0,2.4690797254590127
16598,286,1,145.05,1,0.8042443808780131
16600,5,6,813.52,0,1.4367649526558395
16601,41,1,241.53,1,0.881026362560197
16602,37,1,528.08,1,1.1030973691815795
16603,75,2,482.47,1,0.7442936904873
16607,18,14,3347.71,2,0.5667473454463933
16609,16,7,5493.46,2,0.7158314204279655
16610,220,1,75.66,1,1.098634348308697
16611,187,1,129.49,1,0.6697598419923376
16612,33,4,1187.66,0,0.3565520862110366
16613,71,1,618.59,1,0.837391968058332
16614,183,1,506.19,1,0.621468195867303
16616,16,2,500.42,0,0.80277812424998
16617,236,1,151.85,1,0.6740324781190674
16618,32,5,2647.59,0,1.0088113116796622
16619,264,1,226.21,1,0.6006828090068815
16620,4,2,178.96,0,1.9462026436326798
16621,52,4,813.48,0,0.5360383906750605
16623,246,1,129.45,1,0.7836740097307541
16624,81,2,810.57,0,0.9284117819820334
16625,275,1,333.08,1,0.6445123619611784
16626,1,17,4413.1,2,1.4319102080531163
16627,80,1,322.8,1,0.43494310698506494
16628,30,5,2188.05,0,0.8799371376800517
16629,74,2,408.63,1,0.6716957413347779
16633,18,6,2883.1,2,0.9399609924566502
16634,223,2,217.9,1,0.6029592251463657
16637,33,4,1154.47,0,0.34393708013925817
16638,23,10,1680.72,2,0.9533903854699554
16639,32,3,1257.51,0,0.2736383892016827
16641,106,1,231.1,1,0.2639915411342541
16642,5,2,688.33,0,1.3264385857654188
16643,246,1,487.51,1,0.7281758623427643
16644,178,2,833.78,1,1.0364615610445704
16647,170,2,214.06,1,0.484875890684404
16648,43,1,290.66,1,0.8469162269147263
16650,72,1,518.42,1,0.7200163399889344
16652,59,7,6773.97,2,1.4838951483579217
16653,17,2,1212.66,0,0.6482295575958714
16654,142,4,601.27,0,1.288413181002694
16655,18,6,3789.52,2,0.895724485570714
16656,23,15,8625.8,2,0.9437195875944794
16657,10,4,874.43,0,0.7976277766547594
16658,369,1,123.24,1,1.0321919610668493
16659,190,1,39.12,1,1.561320445553773
16660,17,4,1267.65,0,0.5269596475791312
16665,363,1,135.4,1,0.9794752269855792
16666,20,1,118.98,1,1.5386008878510322
16667,69,2,567.18,1,0.8665369201895499
16668,16,6,306.72,0,1.2377598796495315
16669,24,2,1344.48,0,0.5826849632695121
16670,17,11,4095.9,2,0.3828735900570912
16671,29,3,1692.27,0,0.49383565435934496
16672,3,20,8134.94,2,1.2512014377963492
16674,55,2,304.24,1,0.7588546053125468
16676,34,4,1592.12,0,0.5337653689162819
16678,3,12,3109.99,2,0.8125885069192424
16679,367,1,129.75,1,1.0051439357242296
16680,44,1,183.7,1,0.8763812689089442
16681,73,6,1770.34,0,1.1663400522359184
16682,5,5,1028.0,0,1.3299687732478012
16684,5,28,66653.56,2,2.6230247811372998
16685,62,2,324.24,1,0.6953793402811907
16686,48,7,2959.88,2,1.3200797258881507
16688,2,4,1260.86,0,1.7830009984637143
16689,76,2,422.6,1,0.674227142685006
16690,73,2,225.58,1,0.5944143327183626
16692,257,2,1126.0,1,1.340952443214974
16693,69,2,477.86,1,0.7753355440994162
16696,136,4,657.9,0,1.2399025923053035
16697,242,1,112.75,1,0.860040111813672
16698,227,2,1998.0,1,1.7296495522560662
16700,9,13,5076.55,2,0.2898012769097371
16701,9,13,5398.3,2,0.31980315229223477
16705,1,20,14034.99,2,1.824264481049851
16706,38,3,531.35,0,0.495534352654703
16708,46,1,656.63,1,1.0793282017451291
16709,85,5,3029.87,0,1.3726699314004862
16710,20,10,2467.99,2,0.6645228897647126
16711,4,5,1651.03,2,1.3901503272541087
16712,10,11,3603.66,2,0.11551592451458835
16713,19,15,6910.78,2,0.7513018831220634
16714,318,2,1114.06,1,1.4063946462137338
16715,79,1,301.72,1,0.4260360430709311
16716,267,2,901.2,1,1.2022942476271474
16717,24,6,3843.08,2,1.0114278790012063
16718,370,1,606.05,1,1.0681167939669858
16719,15,7,1770.22,2,0.9511488911449926
16720,27,1,152.95,1,1.26084612283083
16721,263,1,292.47,1,0.5906446443540776
16722,18,13,4730.81,2,0.49425110536455635
16723,92,2,576.4,1,0.7823261583564594
16725,303,6,756.82,0,1.952003135722757
16726,27,5,1358.74,0,0.6219455801115401
16727,365,1,256.32,1,0.8251127562779823
16728,47,4,1048.28,0,0.47498854634485155
16729,39,21,7202.01,2,1.4085375161923588
16730,53,3,743.11,0,0.5015868049904677
16732,32,1,603.75,0,1.1319322925393094
16734,53,3,646.76,0,0.549784119394724
16735,79,5,2247.41,0,1.1804451128076958
16737,54,1,417.6,1,0.7715558074358493
16738,298,1,3.75,1,3.3049466342966305
16739,177,1,323.0,1,0.3560277912954171
16743,30,7,2213.13,2,1.114745365409007
16744,12,7,1291.91,2,1.1175148054041413
16745,87,17,7180.7,2,1.7620142027155385
16746,5,18,6680.11,2,0.9042252758467385
16747,38,2,836.06,0,0.5341792405696072
16748,18,5,1515.9,0,0.7473555406524036
16750,45,5,623.93,0,0.7095874098248034
16751,31,1,1764.72,0,1.1989162085077623
16752,373,1,207.5,1,0.8627792340522883
16753,59,1,223.92,1,0.629166453807981
16754,373,1,2002.4,1,1.8311079513956356
16755,115,3,1475.43,0,1.1207917301013854
16756,215,1,239.4,1,0.4502766304394456
16757,319,1,106.83,1,1.024620918703359
16758,66,1,369.34,1,0.5993730699516667
16759,8,3,789.79,0,0.9137550594419824
16761,97,1,316.62,1,0.3204563662833526
16762,20,3,1207.24,0,0.34106676593291396
16763,199,1,611.85,1,0.7793195154262498
16764,4,13,2790.95,2,0.7168391588551751
16765,295,1,34.0,1,1.7604450603613229
16766,274,2,1145.6,1,1.372994399447949
16767,31,11,5575.56,2,0.8560858059452204
16768,48,3,478.09,0,0.6590791786616115
16769,261,1,361.54,1,0.6317744874492423
16770,58,5,757.1,0,0.7736093567002588
16771,34,5,2230.61,0,0.9015022398837607
16773,58,1,171.59,1,0.7160778078220219
16774,68,4,661.52,0,0.7560112446575574
16775,11,11,1691.51,2,0.7269604489000884
16776,61,1,371.54,1,0.6515558928704054
16777,81,2,222.62,1,0.5439854636454231
16778,75,2,245.94,1,0.5690278506525411
16779,3,22,10611.72,2,1.4424032351061808
16780,101,2,422.24,1,0.5759187883125799
16781,373,1,311.25,1,0.8510661480732878
16782,11,13,2267.95,2,0.5447220271325441
16784,20,1,107.6,1,1.5735203508481452
16788,124,2,592.74,1,0.7614733836094588
16789,9,1,80.8,1,2.179912074602048
16790,4,6,1545.62,2,1.2678801140746518
16791,30,7,1693.03,0,1.077250118640126
16792,283,2,110.38,1,1.0069575677729137
16793,58,1,243.84,1,0.6305573643117515
16794,2,10,1194.48,2,1.4135920354768357
16795,366,1,414.88,1,0.9025825910931551
16796,90,1,305.62,1,0.3492899506712678
16800,12,1,1162.65,0,1.2574487736873254
16801,164,4,1594.23,0,1.420008795841229
16803,66,1,332.3,1,0.5664556788922491
16804,24,3,536.99,0,0.45295249243511915
16805,174,2,460.59,1,0.643149459265552
16806,104,4,736.21,0,1.028486404549396
16807,143,3,1121.59,0,1.2301207265547358
16808,100,2,288.42,1,0.4448342143176054
16809,24,5,914.69,0,0.5496652602061722
16810,193,1,309.54,1,0.39256338941892077
16811,5,2,547.07,0,1.3709035642717762
16812,361,1,479.35,1,0.9461907143938182
16813,9,10,1652.18,2,0.7552129345611982
16814,15,21,6406.8,2,1.003868423468309
16816,104,4,417.06,0,1.1954892383365694
16817,3,9,1604.75,2,1.1159696818130396
16818,11,11,3349.57,2,0.18854624736627415
16820,96,1,497.61,1,0.5856211900039276
16823,228,1,358.38,1,0.5421426254876818
16824,16,2,460.64,0,0.8449160378235379
16825,39,2,775.18,0,0.554258845492607
16826,52,1,341.7,1,0.7352643487181082
16828,113,1,113.5,1,0.7093453309880976
16829,157,1,197.22,1,0.3440063262516009
16830,39,1,325.91,1,0.9299148069562149
16832,185,3,199.15,1,0.8972865956428128
16833,2,4,1106.53,0,1.7711348831619882
16834,228,1,413.46,1,0.6026461286962799
16835,129,2,180.85,1,0.5010188834008142
16836,40,2,251.87,1,0.9616558415352642
16837,32,11,3170.98,2,0.8741805363256999
16838,198,2,588.85,1,0.8273992481092153
16839,9,34,16594.35,2,1.9310716377919463
16841,37,6,1869.82,0,0.9724284798947029
16842,101,3,1264.19,0,0.9897955474344766
16843,43,16,10196.57,2,1.3874748247074788
16846,51,1,214.32,1,0.7389409766830302
16847,44,1,193.44,1,0.8635454993946997
16848,53,1,281.42,1,0.6938396937345144
16849,187,1,124.57,1,0.6962700707021482
16850,334,1,332.41,1,0.7811911949776278
16851,5,3,342.45,0,1.4513083335006558
16852,11,2,144.91,0,1.7013307316507118
16855,24,2,328.4,0,0.9644561939590859
16856,15,1,35.4,1,2.2653636171033176
16858,369,1,375.69,1,0.8794290947152319
16859,145,2,747.81,1,0.9304941228123559
16861,60,2,173.76,1,0.7723567078224085
16863,32,2,502.8,0,0.6893613022000218
16866,141,3,207.74,1,0.846597765946421
16869,23,4,817.12,0,0.32324154102582187
16871,23,6,2812.34,2,1.0388852764522019
16872,78,3,680.02,0,0.7988932597532203
16873,5,6,7123.62,2,1.0070475221002861
16875,68,5,2095.53,0,1.0745466205368757
16877,13,6,846.62,0,0.9514136084947193
16878,85,1,13.3,1,2.3768597729622654
16880,31,7,1491.43,0,1.0361414527305173
16881,67,1,432.0,1,0.6568605409352279
16882,67,3,705.12,0,0.6811449392290706
16883,188,2,272.48,1,0.49671480995616524
16884,38,2,429.84,0,0.8078935018172028
16885,16,3,450.41,0,0.7113765091224823
16887,36,1,192.33,1,1.0055226373538437
16889,195,3,1578.67,0,1.5188289699375548
16891,2,5,742.43,0,1.8329620243036053
16892,2,5,518.19,0,1.8821638442112212
16893,367,1,145.93,1,0.955191299808706
16895,65,1,202.27,1,0.5867815400168317
16897,300,2,289.78,1,0.767306597002317
16898,27,3,501.03,0,0.4927295183832448
16899,8,6,1271.06,0,1.210386573368475
16900,17,3,882.16,0,0.3792473970447089
16902,117,1,1706.88,1,1.5124973192761948
16903,30,1,363.2,1,1.1349389392446632
16904,5,15,3634.95,2,0.6361445172648917
16905,6,7,3037.6,2,0.7259662707267329
16906,82,4,559.59,0,0.9306175647665084
16907,30,5,928.76,0,0.5377776424046224
16909,73,1,379.14,1,0.5485914855282695
16910,5,8,1508.96,2,1.0236697502509782
16912,29,11,2555.58,2,0.8670555122530599
16913,291,1,113.44,1,0.9433576368976839
16914,37,1,183.76,1,0.9962228665366729
16915,10,6,621.68,0,1.1147032012077853
16916,24,2,562.41,0,0.6345178646324534
16917,277,1,391.52,1,0.6977891987247828
16918,50,6,1068.82,0,0.8805092553987784
16919,157,11,2592.25,2,2.0801061817672837
16921,62,1,154.18,1,0.7224006435581338
16923,13,19,7069.08,2,0.8881221214375105
16924,22,3,829.89,0,0.2115162092263557
16926,372,1,230.25,1,0.8460340933566123
16927,116,3,543.05,1,1.0066047035637546
16928,81,17,2806.75,2,1.6858405217631829
16929,4,7,1295.39,2,1.2586342543249893
16930,27,3,378.89,0,0.715457753101018
16931,6,21,4554.87,2,0.9604767554835562
16932,54,1,150.23,1,0.8150855946691312
16933,2,2,563.23,0,1.8519451228741821
16934,55,2,931.03,0,0.6908621655584242
16936,26,1,261.9,1,1.2100615166518836
16938,9,4,2711.68,0,1.2265828937213374
16940,53,3,3049.88,0,1.072667070951256
16942,13,9,1904.99,2,0.7063680786025053
16943,212,3,816.73,1,1.2822115539150885
16945,22,19,4345.5,2,0.9470820688208518
16947,236,1,406.48,1,0.6143959639281066
16948,139,3,435.02,1,0.9155521113761271
16949,4,6,1286.27,2,1.3653951349257916
16950,57,3,1178.56,0,0.5621659477739529
16951,135,3,1277.75,0,1.2053571105810055
16952,110,2,167.61,1,0.5514385438948501
16953,31,1,20.8,1,2.282302412667184
16954,1,9,2085.08,2,1.4366864737622256
16955,185,4,518.67,1,1.3007157195190557
16956,18,1,308.74,0,1.427133516399038
16957,240,2,416.64,1,0.723939575514738
16959,88,1,117.35,1,0.7338763434168318
16960,39,3,505.1,0,0.5402870388054087
16961,117,1,234.17,1,0.22837517186480502
16963,188,1,110.55,1,0.7814975287797938
16965,227,1,192.07,1,0.5442880616501011
16966,9,7,2154.97,2,0.7946540866883913
16967,190,1,319.02,1,0.3917429162168292
16968,5,2,439.43,0,1.4342612631058396
16969,40,3,650.41,0,0.38340669644144304
16971,39,1,357.21,1,0.9460044553832427
16976,268,1,251.52,1,0.5998065763430218
16978,78,1,344.33,1,0.47157727145732975
16979,4,6,1852.0,2,1.182061040101002
16980,256,2,1028.46,1,1.2770270338689735
16982,61,1,384.06,1,0.6631564756563735
16983,13,7,1905.87,2,0.8816693266915293
16984,89,2,4459.52,0,1.6060481429284519
16985,18,10,5464.12,2,0.4928201039827817
16986,30,2,1873.2,0,0.7485034521804146
16987,4,7,1616.8,2,1.132150007516442
16988,6,1,126.12,0,2.2127856704207267
16989,8,6,1133.25,0,1.193985033962392
16990,219,1,179.0,1,0.5522300031350513
16992,11,5,1614.31,0,0.9791364271422357
16996,31,6,1456.96,0,0.8497993082404304
16997,289,3,702.0,1,1.294985976152536
16998,150,4,295.0,1,1.158405522811849
16999,24,2,484.82,0,0.7148441487370291
17001,1,11,3989.57,2,1.2993773902847152
17002,86,3,1493.73,0,0.9212313056701917
17004,47,2,1312.14,0,0.6750482858524058
17006,5,4,781.78,0,1.2500588003216946
17007,51,6,889.93,0,0.8799262174579939
17010,19,1,195.36,1,1.4573161595553632
17011,31,1,270.9,1,1.082135277038535
17014,9,3,583.43,0,0.9024738785424906
17015,29,3,1838.61,0,0.5600484565071243
17017,3,20,8694.26,2,1.2751757745116834
17018,41,2,920.1,0,0.5545075743471367
17019,12,4,1258.08,0,0.7228107937016894
17022,32,1,71.0,1,1.4901416964140464
17024,46,3,95.85,1,1.386590864974511
17025,61,3,357.77,0,0.9524181740322992
17026,186,2,154.83,1,0.6512620314654154
17027,79,6,877.56,0,1.0830578264444783
17029,111,2,716.0,1,0.9001390771324171
17030,64,1,146.87,1,0.7288971244817432
17031,12,2,380.35,0,1.0590209031022095
17033,87,3,1030.14,0,0.8483906403986322
17034,17,3,745.52,0,0.4137510921059048
17035,246,2,433.53,1,0.7529147651605587
17037,88,1,1267.32,1,1.3048034955450618
17038,31,1,112.4,1,1.2795871189941501
17040,138,1,449.73,1,0.4736296917389478
17041,27,3,1071.49,0,0.14054874037516152
17042,3,5,1036.58,0,1.6185516077700328
17043,33,4,1735.18,0,0.5874960649301797
17044,26,1,948.48,0,1.0785215956543672
17045,114,3,339.44,1,0.849418892284734
17046,158,1,642.02,1,0.7568884685135686
17047,86,3,1100.9,0,0.8471666756831965
17048,118,3,925.35,0,1.0740221640694179
17049,3,9,5655.03,2,0.8486595413239725
17050,97,6,3185.64,0,1.5593361452558325
17051,195,1,240.89,1,0.38524338448448686
17052,29,1,399.09,1,1.1779864004720042
17053,131,1,498.48,1,0.5463219040123644
17054,29,5,1356.33,0,0.6204991591232798
17058,82,3,1179.89,0,0.8235189035621969
17059,30,5,3080.39,0,1.1104198669007104
17060,267,1,234.24,1,0.6035555380105586
17061,74,11,5232.23,2,1.4863515567600634
17062,314,4,528.29,1,1.448728000907055
17063,22,7,1461.14,0,1.0444825460115765
17064,59,3,855.45,0,0.5545596561102594
17068,13,21,4545.89,2,0.9180308357053517
17069,29,9,2709.7,2,0.8864114240869649
17070,115,1,304.24,1,0.23989475371054253
17071,29,9,2429.03,2,0.9241364080422495
17073,18,4,1444.84,0,0.5601667025764736
17075,18,4,834.12,0,0.43389501686202314
17076,37,3,841.08,0,0.2194597366011855
17078,37,2,375.86,0,0.8874382856354369
17079,79,1,118.8,1,0.7605862298875068
17080,23,2,287.62,0,1.061062181025361
17081,26,2,288.91,0,1.0486774648193768
17082,34,2,2003.85,0,0.8011012597045781
17083,110,3,1405.78,0,1.0762427548994595
17084,36,2,2747.99,0,1.0185213973297815
17085,124,5,1562.4,0,1.304130516121336
17086,8,6,2050.08,2,0.9809693509463617
17088,29,4,1991.01,0,0.6764445744605264
17090,5,7,1974.65,2,0.9571185456012893
17091,3,9,3827.76,2,0.8146218783809801
17092,51,4,1774.03,0,0.7370606782620169
17094,323,1,302.0,1,0.7422981726655623
17095,23,3,1324.16,0,0.33557619110256687
17096,16,4,1022.13,0,0.5029830530094681
17100,19,2,971.74,0,0.5649344485456833
17101,11,4,1621.73,0,0.8641756929087876
17102,262,1,25.5,1,1.9418597193246294
17105,160,2,665.78,1,0.85958668372809
17107,34,6,10797.48,2,1.4143938706295196
17109,30,6,881.29,0,0.7642313154878613
17110,166,1,163.3,1,0.4764280343094941
17111,48,1,231.61,1,0.7708017374579352
17114,6,8,801.12,2,1.429021786036965
17115,9,3,837.5,0,0.8284995449841981
17117,289,1,116.2,1,0.926175494350008
17118,318,1,157.02,1,0.834316636893555
17119,4,2,606.91,0,1.4747812129476867
17120,234,1,307.46,1,0.5165256044200518
17122,120,1,138.32,1,0.5555341564383962
17123,162,1,345.3,1,0.3432591417413567
17124,186,1,294.24,1,0.3584495702424417
17125,51,1,230.5,1,0.7279524321357147
17126,153,5,989.45,0,1.3794529310971728
17128,335,1,157.09,1,0.867563024129301
17131,6,5,2463.17,2,1.1474552892022323
17133,16,7,4892.24,2,0.6923731801565801
17134,107,2,413.2,1,0.5525996020591922
17135,17,7,1139.73,0,1.0426345322287311
17138,276,1,380.5,1,0.6853681532794978
17139,16,12,10650.77,2,0.8378196987371925
17140,248,1,454.12,1,0.6954954925915273
17142,240,1,579.0,1,0.8164397215388585
17144,2,2,984.57,0,1.8103792059002202
17146,106,3,749.78,0,1.0062847534203583
17147,23,4,1714.59,0,0.588161217116437
17148,52,1,124.88,1,0.9257790710143773
17152,195,3,1689.5,0,1.5353075955324822
17153,25,1,213.78,1,1.2500892698968893
17154,76,1,329.34,1,0.47274375897676013
17155,18,2,251.7,0,1.1930850955169048
17157,8,2,319.0,0,1.330744497031477
17158,33,3,1266.97,0,0.2874222027127965
17159,22,3,1538.88,0,0.457119725218817
17160,32,6,3518.03,2,1.162603730493165
17162,29,10,1715.46,2,1.0584488813229236
17163,22,2,293.1,0,1.0530291038453317
17164,33,7,2467.35,2,1.1311633008215598
17165,285,1,158.68,1,0.7614689198795132
17166,39,2,206.34,1,0.9979265515135143
17169,58,2,835.78,0,0.7240837715178128
17171,290,1,224.91,1,0.6681834966219733
17172,79,1,317.76,1,0.4382745908615927
17173,6,8,3766.6,2,0.5437167218889722
17174,218,1,59.9,1,1.2669159446394733
17175,45,4,1443.69,0,0.5676974548815744
17176,202,1,306.13,1,0.41834397384176436
17179,179,3,711.79,1,1.1717809512874293
17180,57,4,783.97,0,0.6011644268515447
17181,58,2,239.92,1,0.7209652337596484
17183,8,6,3347.31,2,0.8180910987917385
17186,47,2,144.0,1,0.9811282637722256
17187,227,1,203.95,1,0.5234933862437329
17188,12,7,2474.23,2,0.7346430531138967
17189,107,2,383.75,1,0.5160580825311566
17190,59,2,444.74,1,0.8205244115765581
17191,29,7,2093.68,2,1.1182336862737638
17193,36,7,1699.3,0,1.0924066605024028
17194,361,1,226.78,1,0.8256853632492905
17197,30,1,1013.01,0,1.0800522081739008
17198,24,3,692.22,0,0.2654337558439743
17201,54,1,289.78,1,0.6825745710189656
17203,36,6,3560.08,2,1.2268156731578668
17204,176,4,1564.56,0,1.4657091095157424
17205,54,1,384.08,1,0.7419503297199153
17206,54,1,204.24,1,0.7091074647887966
17211,27,8,2317.22,2,0.9561681579015556
17212,254,1,226.85,1,0.57316393064491
17213,41,7,2781.23,2,1.2309734216847843
17214,61,6,1059.12,0,0.9605509643806944
17217,235,1,113.5,1,0.8433189878713714
17218,5,10,1951.97,2,0.7711757679820905
17219,32,1,114.23,1,1.2531387491683192
17220,25,14,3187.55,2,0.7731115768056038
17221,8,2,334.48,0,1.3067962391412244
17222,66,1,328.65,1,0.5636409446476296
17223,311,2,381.89,1,0.840922191591118
17226,309,1,393.49,1,0.7713000003109316
17227,19,6,939.32,0,0.8166078424854007
17228,16,8,1906.09,2,0.8257955633546151
17229,97,2,318.76,1,0.4739684196973324
17230,265,8,3638.41,0,2.3131398883863556
17231,13,10,3124.72,2,0.3224524133366848
17232,3,2,417.77,0,1.7194563538739416
17233,36,1,190.88,1,1.00706980074448
17234,183,1,149.89,1,0.5653846021165689
17235,26,2,550.06,0,0.6373011845048216
17236,13,6,916.13,0,0.9490831404617103
17237,12,2,314.69,0,1.1662601723150265
17238,3,17,3719.1,2,0.9795233593379232
17239,313,1,382.5,1,0.770854371623306
17242,109,2,1135.04,0,1.1334679171801352
17243,2,26,8531.65,2,1.6556707364158905
17244,54,1,954.9,0,1.1796683347026722
17245,205,1,171.45,1,0.537346793270097
17247,16,1,280.09,0,1.4977842555058933
17248,121,1,318.65,1,0.2505441442628979
17250,4,2,381.97,0,1.6004318537713336
17251,363,1,269.83,1,0.8208656194731695
17252,117,2,348.91,1,0.46149663180343553
17253,19,1,178.26,1,1.4712406019463664
17254,5,2,271.19,0,1.6328512757979001
17255,41,2,291.48,1,0.9474425879910724
17256,108,2,240.0,1,0.4250997798622251
17259,149,2,581.23,1,0.7571215262788631
17262,53,5,1253.36,0,0.7535530245620377
17263,209,1,63.44,1,1.2142567090150398
17265,139,2,550.01,1,0.7137179544473082
17266,3,3,296.58,0,1.7754403488703598
17267,128,2,317.2,1,0.42481733585694686
17268,108,4,763.64,0,1.0511140791930966
17272,43,4,2148.63,0,0.7960723199872844
17274,36,1,107.82,1,1.2081647153693462
17277,228,2,1065.35,1,1.2678850174852434
17278,242,1,246.04,1,0.5287260135755418
17279,58,1,187.83,1,0.6841328446488514
17282,131,3,1685.46,0,1.2517487483475869
17284,61,6,1647.48,0,1.0626471377662674
17286,22,1,151.37,1,1.403867177227158
17287,27,7,1049.06,0,0.9646702184818927
17288,10,7,1417.63,2,1.0470349519616784
17289,32,3,931.02,0,0.10875091763025009
17290,4,2,513.01,0,1.511073371669896
17291,309,1,550.8,1,0.9166739171836884
17293,9,9,1854.06,2,0.7036233649019084
17295,29,3,547.0,0,0.4219879219108001
17297,18,1,128.18,1,1.5853259094748224
17298,102,2,498.42,1,0.6685594213665659
17299,12,4,656.61,0,0.7296936741070589
17301,22,1,163.24,1,1.3858972519908452
17302,15,5,1135.63,0,0.7284105149394118
17303,362,1,250.04,1,0.8198246601829193
17306,11,19,8631.31,2,0.9594640449360589
17309,96,1,82.75,1,0.9716889015605483
17311,79,2,1384.85,0,0.9645441850071585
17312,139,3,644.3,1,1.090860339809867
17313,32,1,2328.84,0,1.3131637910194005
17314,25,8,2527.92,2,0.8802250376450056
17315,2,36,6241.15,2,1.9579898090758332
17317,47,3,2600.34,0,0.918578058390031
17320,101,3,1200.62,0,0.9799091991901898
17321,9,2,657.16,0,0.9908946649548346
17323,16,7,903.12,0,1.045078237401728
17324,18,4,986.48,0,0.4304067649212984
17325,281,1,96.8,1,1.0217300037076098
17329,15,2,523.11,0,0.8073078172013961
17330,23,2,363.9,0,0.8996613337101285
17331,124,1,175.2,1,0.3835090224798097
17333,86,1,494.25,1,0.6166338442991021
17334,303,2,307.02,1,0.7795697075987388
17337,152,4,1979.61,0,1.432154215238512
17338,18,8,6484.75,2,0.693507642032799
17339,95,2,243.36,1,0.46158474133083344
17340,30,11,12353.29,2,1.1851031911693224
17341,157,3,682.29,1,1.1307673860945897
17343,356,1,193.64,1,0.8437378915332138
17344,47,1,157.62,1,0.8816796591580401
17345,16,4,519.69,0,0.675348620721063
17346,4,15,2622.88,2,0.8232119685481134
17347,87,1,228.96,1,0.36832871192609307
17348,15,5,1156.6,0,0.7319690265502391
17349,180,1,98.25,1,0.8555736523717085
17350,9,4,1281.32,0,0.9056716771755855
17351,37,3,587.15,0,0.4159425850272395
17353,130,2,1740.0,0,1.34434070189109
17354,51,1,1393.06,0,1.2093242463362763
17356,312,1,178.22,1,0.7758968902912511
17357,25,2,384.39,0,0.8549279668952094
17358,304,2,360.81,1,0.8118021817417173
17359,12,1,127.86,1,1.8573290125453712
17360,18,3,568.24,0,0.5130283441962779
17361,50,3,488.2,0,0.6648563351489885
17362,240,2,312.23,1,0.6391479026436216
17364,1,11,4462.68,2,1.3001837124916291
17365,13,8,4762.32,2,0.4707907334336835
17367,239,1,167.55,1,0.6323990050880659
17368,24,8,1878.87,2,0.9918392581168334
17370,73,4,446.18,0,0.954990813006114
17371,18,3,418.4,0,0.7167157993148973
17372,41,8,1337.18,0,1.2023295761987043
17373,41,4,646.92,0,0.4772798748876236
17374,219,2,495.77,1,0.763726200594381
17375,200,3,400.1,1,0.9496970281386528
17376,71,2,203.2,1,0.6321640712136175
17377,24,20,4058.32,2,1.0422391008529122
17379,12,1,389.72,0,1.4216931772488757
17381,9,29,20275.61,2,1.8578055714462811
17382,66,1,65.4,1,1.2358436323305586
17383,5,1,193.39,0,2.048752572418789
17384,20,2,336.4,0,0.9741210105475165
17385,15,1,256.11,0,1.5576414490348223
17386,8,6,2686.42,2,0.873097263589789
17387,20,2,746.81,0,0.569894840180962
17388,78,4,1259.56,0,0.8436293238988514
17389,1,34,31833.68,2,2.617743707169802
17391,164,2,508.8,1,0.6870445654437056
17392,307,2,411.27,1,0.8558785156109934
17394,220,1,203.87,1,0.5037862729913917
17396,40,7,7312.8,2,1.2565505007574747
17397,23,2,681.41,0,0.5595908402673886
17398,115,3,653.38,0,1.0897055285042683
17400,127,5,2097.84,0,1.4139420094540278
17402,5,12,2598.85,2,0.6066258061385402
17403,37,1,263.92,1,0.9529114945507025
17405,2,3,1031.41,0,1.7477920575076384
17406,334,3,2184.42,0,1.990755759374312
17408,164,1,32.65,1,1.682871369209919
17409,185,2,771.85,1,0.9896769787979913
17410,17,5,1214.72,0,0.6902508967208703
17411,13,3,778.94,0,0.5839990725609946
17412,3,7,1258.06,2,1.3645858680339082
17414,44,2,778.0,0,0.597865217908372
17415,80,1,507.84,1,0.66199563063538
17416,30,7,6893.42,2,1.07260996242698
17418,43,2,463.46,0,0.7945997563872482
17419,12,12,4226.57,2,0.1821162990563061
17420,51,3,598.83,0,0.5611528182345538
17422,17,6,1979.37,0,1.0486259048316444
17423,47,2,698.41,0,0.650490150856788
17425,20,2,759.17,0,0.5661619899894961
17426,9,6,5037.26,2,0.8032426137654136
17427,72,1,100.8,1,0.9048527183242101
17428,1,28,17256.85,2,2.165332942513225
17429,129,3,524.92,1,0.9886361612213599
17430,33,2,265.76,1,1.092890684835339
17431,314,1,403.3,1,0.7903018493907144
17432,19,2,365.76,0,0.9303050454497945
17433,89,1,303.16,1,0.35365141907180453
17434,3,7,2373.82,2,1.0683223549752647
17436,2,2,216.3,0,2.150228880209802
17438,254,1,388.45,1,0.6397428870015487
17440,157,3,186.42,1,0.8813334341402332
17442,37,6,2248.56,0,1.0661628515089754
17446,177,2,120.9,1,0.782171857932918
17447,41,2,541.53,0,0.6989597415094447
17449,3,7,2516.21,2,1.0494140138816794
17450,9,46,194390.79,2,3.6883270900475127
17451,2,7,1721.4,2,1.351997677407232
17453,18,2,486.72,0,0.776540959389994
17454,193,4,517.53,1,1.3073760855430605
17455,204,1,131.7,1,0.6901636670352069
17456,366,1,249.86,1,0.8279884456176386
17457,127,5,1737.7,0,1.349622379584021
17458,16,1,316.5,0,1.4373387379458147
17459,44,2,657.3,0,0.6420387513653881
17460,95,6,622.43,0,1.2263497520156124
17461,23,3,735.82,0,0.24296840270178044
17462,61,2,675.69,0,0.7885789076619607
17463,17,5,1875.86,0,0.8686572540019486
17464,159,1,289.96,1,0.2689048688403391
17466,11,2,763.28,0,0.8492258740046237
17468,11,2,137.0,0,1.7405171072889027
17469,17,5,1870.97,0,0.8672750912805849
17470,45,5,1125.07,0,0.6576458062088444
17472,192,3,697.54,1,1.17382701350294
17475,80,1,194.37,1,0.4729446831431174
17480,78,1,511.82,1,0.6772972922762345
17481,4,4,1255.59,0,1.402261454158465
17483,66,3,414.04,0,0.9026254551456505
17486,262,1,396.87,1,0.6675058996487887
17489,59,2,376.64,1,0.7613198048111958
17490,1,7,2092.32,2,1.5296511246988505
17491,2,10,3558.87,2,1.0039845705738173
17492,249,1,374.57,1,0.6135168784584749
17495,8,2,497.56,0,1.1365168285662925
17496,359,1,271.05,1,0.8127430157354515
17498,76,1,272.22,1,0.43909213431926786
17499,290,1,622.88,1,0.9505626032442194
17500,18,3,1138.0,0,0.37787201765876344
17501,221,2,288.6,1,0.5822674687938074
17502,10,4,689.1,0,0.8296868239373933
17503,3,2,558.96,0,1.6477012974275538
17504,207,9,2997.03,0,2.191773423996146
17505,162,2,1145.84,1,1.2568238380134593
17506,76,1,302.2,1,0.45150351193838195
17507,262,2,605.58,1,0.9499631730131607
17509,58,8,6083.64,2,1.3907885288768602
17510,25,1,308.48,1,1.244778638313581
17511,3,31,91062.38,2,2.9733161379912376
17512,29,10,2924.99,2,0.8327227254022544
17513,73,1,513.2,1,0.7076699243432178
17514,129,1,208.65,1,0.2726588655464474
17515,32,4,639.02,0,0.4073078976335196
17516,16,5,764.88,0,0.6950021978504798
17517,309,1,153.94,1,0.8243272463549227
17519,18,6,1844.02,0,1.0017721628881273
17520,54,1,546.81,1,0.8950218102067051
17521,30,3,723.21,0,0.20653917556509294
17522,2,5,1066.15,2,1.7884171993599045
17523,12,4,652.74,0,0.7314687491109805
17524,362,1,145.0,1,0.9489552450229363
17525,360,1,422.7,1,0.8975664202492015
17526,5,4,1195.9,0,1.2609779758396265
17527,54,4,939.37,0,0.5517131881473758
17528,2,8,3628.5,2,1.07841495652862
17530,2,10,2362.53,2,1.0950172270843983
17531,191,1,296.7,1,0.3764149358742235
17534,54,1,223.36,1,0.6917002680688576
17535,281,1,164.4,1,0.7378745462062328
17536,178,1,76.5,1,1.0400602921540771
17537,30,2,887.67,0,0.484071133746417
17538,26,1,98.42,1,1.4445528970027441
17540,25,2,578.9,0,0.6151495004218863
17542,270,1,170.75,1,0.6976161739931781
17545,44,3,642.32,0,0.44088496654703496
17548,234,1,103.3,1,0.9028749965915733
17549,24,2,148.86,1,1.3925907919032217
17550,198,3,267.16,1,0.8865539965081484
17551,360,1,290.34,1,0.8180570377866976
17552,61,4,930.41,0,0.6331878063839746
17553,130,1,1487.6,1,1.4016468663467612
17554,2,5,1952.45,2,1.539670025274913
17555,20,2,480.31,0,0.7543590741599595
17556,206,1,157.9,1,0.5842212803576989
17557,15,3,541.46,0,0.6318580912511463
17560,95,4,854.95,0,0.9486773179928681
17561,20,1,165.12,1,1.4498042387091385
17562,15,7,1122.38,0,1.0762814639646368
17564,25,3,454.01,0,0.5774173529807053
17566,9,2,869.77,0,0.9544269189062198
17567,8,8,4331.48,2,0.4432671176706148
17569,333,1,344.14,1,0.7860867858867864
17571,51,4,1424.42,0,0.6229859264514319
17572,72,4,226.75,1,1.2333240433544683
17573,30,3,380.6,0,0.7122977276627752
17574,243,1,185.65,1,0.5992653673786
17576,9,19,3564.83,2,0.7683976460865938
17578,219,1,143.46,1,0.6682025016021194
17579,5,3,448.9,0,1.3449623143307148
17580,253,3,212.77,1,0.9878284075216702
17581,1,25,11025.24,2,1.898034892383362
17582,237,1,175.27,1,0.6073631557418269
17584,8,2,1242.3,0,1.0518806917359018
17585,110,4,1116.68,0,1.0653375668568754
17588,101,3,1240.2,0,0.9859322971898626
17589,61,4,2402.92,0,0.9982855045600405
17590,3,3,1466.77,0,1.5707676961980777
17591,74,7,2203.67,0,1.3886823992856308
17593,4,5,3923.86,2,1.175989060662163
17594,86,2,993.18,0,0.963750370873399
17595,13,2,386.69,0,1.01761356659648
17596,24,7,2806.69,2,0.9216739741824167
17597,214,1,2044.37,1,1.7012348710438105
17600,18,1,161.67,1,1.527466613782052
17601,240,1,116.01,1,0.838520147838341
17602,3,6,5054.42,2,1.1099824189341554
17603,79,1,394.72,1,0.5233329320530333
17604,218,2,309.36,1,0.5843234374907992
17608,34,2,191.99,1,1.1022743206726877
17609,41,5,1098.28,0,0.6192065040794508
17611,8,15,3961.12,2,0.4543626217423601
17612,54,6,2048.45,0,1.1077897116953908
17613,23,14,4544.55,2,0.6924077025765263
17614,58,1,386.32,1,0.6974302748486743
17615,131,3,329.6,1,0.8401092853861265
17616,174,3,571.2,1,1.0547616284229206
17618,6,3,930.28,0,1.0975474310371718
17619,313,1,214.37,1,0.7308011062820029
17620,60,1,81.44,1,1.1165490172689811
17621,22,3,1379.9,0,0.37965836282176185
17623,33,1,527.05,0,1.1711644268362507
17624,15,2,843.48,0,0.6716467303101653
17625,19,4,2020.4,0,0.7467003895238276
17628,82,1,75.75,1,1.069975914661288
17629,6,8,1814.12,2,0.8568962017386987
17630,170,2,503.6,1,0.6889356132969632
17631,2,3,528.33,0,1.8012862496387874
17633,32,4,1324.84,0,0.4077481097357759
17634,37,9,2358.59,2,1.089806490155847
17636,20,1,285.56,1,1.4015669364278842
17637,32,2,547.06,0,0.6435027825815998
17639,277,1,108.5,1,0.9451621353308711
17640,87,1,621.66,1,0.770765325548001
17642,120,2,712.29,1,0.89142724922407
17643,374,1,101.55,1,1.1376157838559653
17644,2,11,2895.64,2,1.0306155890859727
17646,220,3,1008.39,1,1.4150034070482767
17647,66,1,133.06,1,0.7667693859672154
17648,61,4,1797.5,0,0.8311314835184214
17649,139,1,868.49,1,0.977441951090448
17650,22,1,166.08,1,1.3821275446042698
17651,12,10,3945.0,2,0.18588316752441578
17652,26,12,4867.72,2,0.7150805841533676
17653,37,4,1207.56,0,0.399227680050855
17654,278,1,117.55,1,0.899885990235861
17655,11,7,2638.94,2,0.697491938073339
17656,74,5,1674.69,0,1.0179868258159728
17658,26,2,595.42,0,0.5980390037274035
17659,18,12,2999.46,2,0.5138153318675689
17660,142,1,178.75,1,0.378194469157778
17663,26,7,1802.91,0,1.1021321800516408
17664,19,2,604.64,0,0.65633705790237
17666,4,2,728.16,0,1.4486759444445854
17667,67,5,2055.51,0,1.0582319008228482
17668,2,2,347.75,0,1.9708794480016059
17669,43,7,3406.72,2,1.2292436126943735
17670,228,1,205.7,1,0.5236503009191666
17671,16,4,1572.71,0,0.6569839988949292
17672,51,2,3178.17,0,1.190608661342356
17673,2,6,1594.97,2,1.4792235724328624
17674,75,2,551.04,1,0.8175844852007892
17675,2,31,20374.28,2,2.167735601950138
17676,5,6,1371.18,2,1.2738407253788446
17677,2,30,16345.38,2,2.0359363670353057
17678,264,1,298.11,1,0.5956445074711344
17679,53,2,1992.11,0,0.91441331333782
17680,24,1,184.4,1,1.3004360629579321
17682,11,6,2474.33,2,0.8924799953358932
17684,44,1,239.41,1,0.8304685329948684
17685,17,7,3155.83,2,0.7369844703893962
17686,8,7,5739.46,2,0.6606319034118737
17690,31,15,4726.8,2,0.9332350831227794
17691,359,2,290.4,1,0.88670528705621
17692,128,4,725.58,0,1.1809441084672896
17693,138,1,200.47,1,0.3016505198730859
17694,142,1,283.12,1,0.21991531682277562
17695,132,2,765.34,1,0.9425509539948241
17696,39,8,2285.71,2,1.1801458052794573
17697,237,1,338.95,1,0.5486408798462534
17698,261,1,154.95,1,0.7197678447070607
17700,17,4,2534.64,0,0.9354484101786789
17701,253,1,417.95,1,0.6677551853581695
17702,31,4,1824.37,0,0.6160287111759922
17703,36,3,798.74,0,0.21944352652720137
17704,169,2,885.19,1,1.070879259963691
17705,4,9,1823.52,2,0.9302253291292467
17706,5,17,10504.49,2,1.061132363552033
17707,186,2,152.4,1,0.6596296753712448
17708,188,2,263.33,1,0.4960971061275003
17709,170,1,137.45,1,0.5996207333764827
17711,11,2,385.1,0,1.0897160064566696
17712,45,1,522.91,1,0.9781653334759601
17714,321,1,153.0,1,0.8507597542250781
17715,201,1,326.4,1,0.4326417623237948
17716,23,11,5655.99,2,0.6515648893141714
17718,233,1,139.35,1,0.714702207058704
17719,38,15,5396.04,2,1.084575549019719
17720,27,4,1195.94,0,0.343169947241125
17722,97,4,2424.04,0,1.237773843683972
17723,128,6,3276.4,0,1.7058789961028085
17724,72,3,1033.0,0,0.7070722009789663
17725,17,11,3439.08,2,0.41206443595869463
17727,16,1,1060.25,0,1.1599377389317687
17728,4,3,2876.01,0,1.6355202652100589
17730,4,13,5298.48,2,0.6700085723954293
17731,80,4,1240.11,0,0.8572945294642126
17732,373,1,303.97,1,0.8483408905860339
17733,39,2,692.19,0,0.58350616712959
17734,54,3,700.63,0,0.5323197448507092
17735,3,19,13110.02,2,1.419035791323371
17736,10,3,377.44,0,1.0380548676990164
17737,10,2,168.24,0,1.6280758581423669
17738,20,4,1879.05,0,0.6831992376732673
17739,12,7,2791.35,2,0.6841939223493513
17742,114,2,355.11,1,0.47163963457270924
17744,4,6,2322.4,2,1.0925466418223995
17746,241,1,110.25,1,0.8724998903873515
17747,113,1,71.4,1,1.066363875987724
17749,179,2,674.52,1,0.8895421567364094
17750,6,9,1694.16,2,0.8400818619282535
17752,360,1,80.64,1,1.2494845706660564
17754,1,5,1664.65,2,1.803540240057208
17757,2,30,5589.44,2,1.7291322258433686
17758,20,8,3408.2,2,0.6706674048077874
17759,18,3,818.71,0,0.34969803185106624
17760,22,2,287.59,0,1.066317416901169
17761,33,1,712.78,0,1.1016065173956002
17763,264,1,15.0,1,2.3335695782713146
17764,51,2,772.55,0,0.6662254204742114
17765,159,3,367.63,1,0.878782962356167
17767,16,1,271.2,0,1.5143875169615015
17768,9,3,2081.9,0,1.0544119815570738
17769,13,10,3957.43,2,0.22959436242332706
17770,199,5,1143.27,0,1.5741503500555947
17771,57,2,245.33,1,0.7301476155318102
17772,11,2,173.45,0,1.5777561346545004
17774,97,4,1213.73,0,0.9874643030881198
17775,255,1,56.4,1,1.3534269123572849
17777,25,3,647.56,0,0.3022978935361141
17779,22,3,650.32,0,0.3398212026498759
17781,160,2,188.02,1,0.5126463679394319
17783,73,2,283.47,1,0.5835617123384712
17785,54,1,131.94,1,0.8767933284729472
17786,86,2,266.85,1,0.4981147421711257
17787,153,4,1817.54,0,1.408479099823659
17788,74,2,1112.95,0,0.8787521076664042
17789,282,1,225.9,1,0.647564661448502
17790,27,14,1964.3,2,0.9971287234521091
17791,30,1,106.1,1,1.3246017291445764
17793,26,1,300.34,1,1.2144110365752137
17795,180,2,342.83,1,0.5209080264027394
17796,41,4,690.0,0,0.4485520730391443
17797,23,3,780.43,0,0.21050737450696455
17799,23,10,3039.17,2,0.6647515901693729
17800,38,9,1186.21,0,1.320107146132558
17802,83,3,1285.04,0,0.8514891227483764
17805,74,1,512.31,1,0.7005294191502095
17806,12,1,546.04,0,1.311938016896192
17809,17,12,5411.91,2,0.4543263076285621
17811,5,39,7755.12,2,1.8982522072162016
17812,13,4,699.81,0,0.6633251018527164
17813,15,5,1698.07,0,0.8629408019666449
17816,37,4,36.56,1,2.158553843506717
17817,5,3,387.68,0,1.3994011260549784
17819,72,7,3704.87,2,1.5718325230223416
17824,52,1,298.4,1,0.7124429679907617
17827,6,5,1987.33,2,1.2213983559844033
17830,2,3,398.7,0,1.8700039122581014
17831,34,1,35.4,1,1.8921984189279848
17832,50,1,155.37,1,0.8480603340577707
17835,3,3,342.24,0,1.7195147526203856
17836,48,1,109.83,1,1.0369740941937926
17837,43,8,1535.33,0,1.2432191124947682
17838,27,5,2720.8,0,1.0239322787879086
17839,43,1,318.15,1,0.8565181366106847
17841,2,124,40495.99,2,4.024428422992926
17843,304,1,197.73,1,0.7279747843518745
17848,82,9,901.2,0,1.5126280169064934
17849,219,4,605.8,1,1.389818852702861
17850,373,34,5391.21,2,3.137499419392505
17852,12,2,114.34,0,1.8468225027037832
17854,186,2,311.26,1,0.5085965083062187
17855,373,1,208.97,1,0.8615306252341524
17856,2,4,1418.03,0,1.7988507859532397
17857,5,22,25301.54,2,1.8003364645986364
17858,6,12,5140.66,2,0.3998967748117461
17859,305,1,141.92,1,0.8523923078159881
17860,369,1,226.45,1,0.8419274080593769
17861,4,8,2097.88,2,0.9129918184113158
17862,324,1,330.9,1,0.7585845138197371
17863,60,6,3160.0,0,1.371086435426307
17864,13,3,554.85,0,0.6986123763529646
17865,31,20,10524.22,2,1.3851483458446976
17866,143,1,329.65,1,0.27876086074096523
17867,31,6,1157.87,0,0.787240661350208
17869,108,5,428.18,0,1.2941324396510638
17870,3,12,1865.89,2,1.0104486447999226
17871,205,1,155.9,1,0.5891682068406706
17873,81,5,1719.58,0,1.0770821557548749
17874,186,6,683.46,0,1.6277338982189007
17877,171,1,237.61,1,0.3091198534210646
17878,44,1,379.45,1,0.8762520731775016
17879,174,1,178.52,1,0.4391399013514633
17880,365,1,458.92,1,0.9362071270880783
17881,305,1,133.35,1,0.8823233137615611
17883,4,4,664.34,0,1.40432588066914
17884,4,4,695.07,0,1.398021486056884
17885,13,1,156.34,1,1.7587962394921135
17886,32,3,869.28,0,0.11744894875911047
17887,130,1,111.35,1,0.7182019683612841
17888,22,8,716.0,0,1.1637431532068665
17889,213,2,201.37,1,0.5987612839565082
17890,323,2,586.89,1,1.0344233347976786
17891,163,1,203.86,1,0.3412844828835043
17892,57,3,244.1,1,1.0239831590606174
17893,226,1,107.21,1,0.8647784237425131
17894,72,8,1118.54,0,1.338601682519298
17895,45,1,95.45,1,1.1481986922448884
17896,24,1,256.32,1,1.26842550723902
17897,173,3,541.81,1,1.0294589454067122
17898,86,2,152.06,1,0.6658622517911001
17899,160,1,154.55,1,0.5023596357394827
17900,191,2,112.2,1,0.8497328270598791
17901,30,1,110.38,1,1.3075167493793196
17904,22,1,181.07,1,1.3651781208023521
17905,72,4,798.99,0,0.7567131109454851
17906,248,1,72.9,1,1.162257383395884
17908,374,1,232.03,1,0.8492035071929392
17911,10,1,366.23,0,1.5059568779240542
17912,311,5,310.06,1,1.5755580901265158
17913,59,2,408.65,1,0.7881131508826053
17914,4,1,329.36,0,1.9157906760697228
17917,46,3,335.03,0,0.8897024402708487
17919,89,1,1304.04,1,1.3251811928397912
17920,5,17,4107.6,2,0.7555525314901945
17921,65,4,820.23,0,0.6829942866092034
17923,283,1,207.5,1,0.6665455792361188
17924,12,7,2962.5,2,0.6631202525972084
17925,373,1,244.08,1,0.843221260553648
17926,134,2,397.29,1,0.5171807397739343
17928,46,2,184.46,1,0.9133161762364929
17929,12,4,843.0,0,0.681202379298546
17930,36,5,1740.48,0,0.7627631358876524
17931,135,2,408.36,1,0.5318401626529516
17932,30,3,1331.57,0,0.30612196742985176
17934,52,2,704.25,0,0.6951516211463482
17935,139,2,142.89,1,0.6363576935123396
17936,6,1,380.13,0,1.6920795585454973
17937,9,7,4301.22,2,0.5939088332105532
17939,160,1,99.14,1,0.8256844157814084
17940,50,9,2152.18,2,1.3194112954487391
17941,131,1,304.56,1,0.22808743253615366
17942,8,1,77.5,1,2.266587168964147
17946,234,2,149.58,1,0.7612163251576354
17947,38,1,176.68,1,0.987437630172293
17948,148,1,358.56,1,0.3338148773676274
17949,2,44,58030.48,2,3.042403755147783
17950,73,3,482.2,0,0.880301503615934
17951,40,3,1008.54,0,0.27379458083371644
17954,6,12,2314.13,2,0.5941895726107411
17955,199,4,557.3,1,1.3387077992593206
17956,250,1,12.75,1,2.4426812846399364
17957,67,1,110.72,1,0.8712781641100162
17958,117,1,508.46,1,0.5645976303552778
17960,172,1,73.78,1,1.0615356025299267
17961,22,39,1296.44,2,2.084649229489574
17962,143,1,102.41,1,0.7872501896588401
17964,32,2,463.21,0,0.7371695747865249
17965,38,14,2599.19,2,1.0969181824742962
17966,38,5,1098.43,0,0.5961811010210891
17967,372,1,112.27,1,1.0824350461505496
17968,374,1,265.1,1,0.8428338445780131
17969,167,2,228.2,1,0.4633972699276864
17970,212,1,562.79,1,0.7458833891576746
17972,242,1,135.19,1,0.7506550833820921
17973,52,1,337.04,1,0.7322497343541627
17974,25,3,703.99,0,0.24093237394751485
17975,16,13,4479.96,2,0.414950957778433
17976,373,1,321.79,1,0.8555995936219066
17977,30,1,288.14,1,1.1080418778622423
17978,366,1,300.92,1,0.8333623381663242
17979,36,4,729.01,0,0.37247423467979185
17980,166,3,811.45,1,1.2350323277074222
17984,146,1,152.68,1,0.491558360746912
17985,23,1,631.35,0,1.1284633216622142
17986,57,1,20.8,1,2.108921681376231
17987,186,1,198.57,1,0.41621568263147574
17988,12,7,201.12,0,1.6712226773569732
17990,237,3,630.84,1,1.1765092892538997
17991,226,2,93.35,1,1.0194580385928245
17994,122,4,674.89,0,1.1570788346188394
17995,282,1,76.1,1,1.1792810515551584
17997,75,8,1962.46,0,1.4771893354152776
17999,38,2,380.39,0,0.8843775293642373
18001,13,2,415.13,0,0.9795610902737691
18004,363,1,157.92,1,0.9181786409982909
18005,4,2,226.47,0,1.824367344002085
18006,24,1,444.68,0,1.2305111893285003
18008,71,9,2116.19,2,1.564513991593905
18009,236,1,247.39,1,0.5106654542633878
18010,257,1,174.8,1,0.6575496362589167
18011,374,1,102.79,1,1.1311453224880788
18013,156,2,187.29,1,0.5081705904926049
18014,29,1,154.27,1,1.2097158972588062
18015,5,1,120.03,0,2.30136088845022
18016,33,5,1477.66,0,0.6673368223201697
18017,82,3,523.0,0,0.9185781804871147
18018,109,2,122.14,1,0.7440878716916738
18019,52,1,38.45,1,1.6871598292501941
18022,36,1,612.72,0,1.1388435385316775
18024,153,2,389.78,1,0.5248326389220694
18027,99,1,115.31,1,0.7174451451450353
18030,5,2,230.65,0,1.7138724438139492
18032,335,1,73.5,1,1.2736986084229645
18033,66,1,93.82,1,0.9854583297868843
18034,22,2,418.68,0,0.8158101405709952
18035,36,3,713.89,0,0.27704535778418643
18036,33,3,403.12,0,0.6746899788666731
18037,155,6,70.02,1,1.9600167500560282
18040,20,2,357.2,0,0.934618191890526
18041,12,21,4097.37,2,0.9052271700344668
18042,54,1,165.05,1,0.7759499220206661
18043,25,3,529.29,0,0.45707814846035394
18044,5,10,2088.6,2,0.7290470314538646
18045,46,1,178.34,1,0.8544233312486826
18048,204,2,172.29,1,0.635398808192609
18050,360,1,74.4,1,1.2986513146876224
18053,71,1,300.02,1,0.49553786388665355
18055,8,10,6761.34,2,0.435308340259617
18056,289,1,363.65,1,0.7016262740344283
18058,10,1,170.16,0,1.8849350684625077
18059,24,3,306.46,0,0.8926151134941177
18061,22,10,2119.41,2,0.7961600397843224
18062,174,3,720.52,1,1.1739196307315038
18064,134,2,814.0,1,0.987992669805305
18065,6,14,2392.83,2,0.6513483944977171
18066,76,1,318.0,1,0.4629683893577685
18067,41,1,396.33,1,0.9364355191445646
18068,290,1,101.7,1,1.0059273325845448
18069,27,5,2009.24,0,0.8263691819083563
18071,258,2,453.0,1,0.7960967084206669
18072,186,1,247.44,1,0.3517808602566267
18073,115,12,3859.82,2,1.813763380080599
18074,374,1,489.6,1,0.9774114155522585
18075,24,10,2611.75,2,0.7462326758197584
18077,9,11,2584.41,2,0.38845376875101667
18078,218,2,336.13,1,0.602260679591643
18079,46,4,3613.15,0,1.1883860202598702
18080,19,2,1231.5,0,0.6100740998459695
18081,37,3,343.45,0,0.8176541286446644
18082,26,1,680.84,0,1.1049944685120423
18084,17,1,90.48,1,1.7418852997164773
18085,331,2,689.95,1,1.1314174721382873
18086,275,1,101.34,1,0.9834513375453716
18087,291,1,3202.92,1,2.1095915512900287
18088,62,1,166.03,1,0.6887364878926698
18092,3,11,9068.26,2,0.9917487504396147
18093,94,4,2106.52,0,1.1513445833366682
18094,82,7,3017.3,0,1.5699357635994924
18095,313,2,580.05,1,1.012262972488793
18096,12,3,849.06,0,0.6282581959876482
18097,8,6,2662.4,2,0.8760289129133901
18099,128,1,168.31,1,0.4108062134830574
18101,12,2,222.4,0,1.384381267788941
18102,1,60,259657.3,2,4.297089664703175
18104,38,1,754.64,0,1.1098395627320519
18105,38,1,113.48,1,1.152275289728515
18106,330,1,421.9,1,0.8389958457156759
18108,255,1,271.0,1,0.5632231838339179
18109,2,26,8004.92,2,1.6384875223636992
18110,20,1,198.8,1,1.4185525947348505
18112,13,2,352.69,0,1.0694514156098613
18113,369,1,76.32,1,1.2946586513680223
18114,291,1,220.1,1,0.6741810723280456
18116,68,8,1399.51,0,1.3500101736678398
18117,26,1,314.4,1,1.2180680123176262
18118,11,26,5622.68,2,1.2222923297719412
18119,368,1,180.7,1,0.8846946679029115
18120,215,1,111.15,1,0.8219091673520191
18121,150,2,653.3,1,0.8378839245989637
18122,9,6,1791.84,2,1.0391345039738735
18123,25,2,574.44,0,0.6189240951898887
18125,30,4,1131.75,0,0.3188217821707691
18126,61,1,198.58,1,0.6339698492934324
18127,20,3,347.08,0,0.8251561507263188
18129,244,1,112.55,1,0.864728072286261
18130,16,3,1059.39,0,0.4360515407437192
18133,213,1,931.5,1,1.1018707183599588
18135,30,5,681.91,0,0.589022844499413
18136,64,3,784.33,0,0.6256659561937415
18138,296,1,152.65,1,0.8014085533145506
18139,18,6,8438.34,2,1.0585310567421808
18142,158,2,1019.52,1,1.166499788500433
18143,117,2,1000.16,1,1.142479954754279
18144,8,12,2888.75,2,0.35054818170531593
18145,13,4,2861.55,0,1.106360639763779
18146,141,2,160.35,1,0.5695603945661435
18147,46,2,179.34,1,0.9206528473835044
18149,51,3,612.08,0,0.5505302508225709
18150,33,3,566.58,0,0.4097416723339278
18151,135,2,653.35,1,0.8299276678867972
18154,4,2,399.19,0,1.5851514165253768
18155,76,3,371.62,1,0.9499569838619223
18156,13,2,675.64,0,0.7828247426940974
18158,10,2,453.4,0,1.056841152716266
18159,302,1,530.15,1,0.8841987151309445
18160,58,2,638.06,0,0.7776191201818947
18161,16,5,1618.69,0,0.8169394057668615
18164,38,1,399.65,1,0.9907618014436815
18165,178,1,302.46,1,0.33867355671025773
18167,24,3,1384.86,0,0.355562637626481
18168,177,6,1160.04,0,1.5879850102250077
18169,61,1,202.65,1,0.6283001402109663
18170,34,3,980.31,0,0.1566984947548905
18171,59,5,1231.31,0,0.8017952790015239
18172,15,20,7561.68,2,1.0002821845897119
18173,87,4,2106.84,0,1.1062319623458337
18174,8,1,104.0,1,2.1757883815860106
18176,359,1,476.35,1,0.9400966471617943
18177,32,6,1340.87,0,0.8252261742464356
18178,129,4,1590.81,0,1.2512334520479569
18179,10,6,1793.17,2,1.0365854291451833
18180,5,6,1843.75,2,1.1201009775285815
18181,25,1,366.85,1,1.2662359550122333
18183,228,2,632.07,1,0.9189499703015377
18184,16,1,49.8,1,2.0497572073643
18185,250,1,304.25,1,0.560300397595849
18188,16,3,2001.04,0,0.7533258616515374
18189,78,2,1090.24,0,0.9089425219137354
18190,193,2,284.46,1,0.5116937695265312
18191,262,1,207.8,1,0.6131331778922027
18192,72,1,957.97,1,1.138040234993295
18193,166,1,243.76,1,0.28798775050237396
18194,83,1,973.84,1,1.1140791485417285
18196,96,2,686.63,1,0.8903985278419312
18198,5,17,5425.56,2,0.7851569760006122
18200,107,1,150.35,1,0.5095803541731276
18202,200,3,1396.99,0,1.512488011569003
18203,158,1,160.42,1,0.47379443726450543
18204,72,3,1975.35,0,0.9320033481681649
18205,37,2,517.36,0,0.6962552178082293
18209,29,1,139.1,1,1.24154620794303
18210,2,6,2621.38,2,1.3160784766103217
18211,26,5,600.07,0,0.6395014188552668
18212,327,1,216.07,1,0.7607637579752113
18213,237,1,232.48,1,0.521073106960208
18215,90,1,299.34,1,0.34407738590897285
18216,32,1,481.75,1,1.1633344400374002
18217,30,2,621.75,0,0.5766104559166003
18218,212,2,641.92,1,0.9033617349976453
18219,3,10,2069.77,2,0.9592990337728212
18220,227,1,305.28,1,0.49456652787872873
18221,23,5,1041.61,0,0.5662806035074315
18222,93,1,443.0,1,0.5174891981953336
18223,5,14,6484.54,2,0.6696715343328463
18224,264,1,158.95,1,0.7146081990258686
18225,4,12,5504.96,2,0.650555662964418
18226,45,11,5228.05,2,1.1159921367262369
18227,218,1,93.75,1,0.9434696171465973
18228,57,2,779.9,0,0.7225702823425575
18229,12,20,7276.9,2,0.9508538405946575
18230,10,7,2810.2,2,0.6684822946124183
18231,193,5,2071.77,0,1.6749176948424616
18232,82,4,592.97,0,0.9116314067789736
18233,326,1,440.0,1,0.8467453868066724
18235,72,3,1796.48,0,0.8835742901496951
18236,30,6,882.24,0,0.764192858852178
18237,3,5,987.1,0,1.6166961363333523
18239,219,5,1561.61,0,1.6876273590817767
18240,47,1,422.58,1,0.8651939649380314
18241,10,17,2073.09,2,0.8211385438012415
18242,73,4,2232.49,0,1.0403800798160687
18245,8,7,2567.06,2,0.7210110944612245
18246,24,2,596.1,0,0.6065292997595878
18248,123,2,804.02,1,0.9785947997510351
18249,18,1,95.34,1,1.6857765559152358
18250,311,1,349.27,1,0.741340976821849
18251,88,1,4314.72,0,1.8507039456541166
18252,51,2,518.27,0,0.7978155626960729
18255,90,1,103.3,1,0.8194731359354439
18257,40,8,2337.63,2,1.1889504035695528
18259,25,3,2338.6,0,0.7579117449583869
18260,173,6,2628.35,0,1.7752279867224903
18261,44,2,324.24,1,0.9114961538902093
18262,141,1,149.48,1,0.5020128054980341
18263,26,3,1213.16,0,0.2385599714668065
18265,73,2,801.51,0,0.8638978256426926
18268,135,1,25.5,1,1.863405131751442
18269,367,1,168.6,1,0.9033872448850803
18270,39,2,283.15,1,0.9797084241954418
18272,3,6,3078.58,2,1.1251527035240012
18273,3,3,204.0,0,1.9459563925417
18274,31,1,175.92,1,1.12982779785225
18276,44,1,335.86,1,0.8488495628896228
18277,59,1,110.38,1,0.9300712705729324
18278,74,1,173.9,1,0.5660521647412696
18280,278,1,180.6,1,0.6951765304462048
18281,181,1,80.82,1,1.001953988716645
18282,8,2,178.05,0,1.6682721598129056
18283,4,16,2039.58,2,0.975986822242527
18287,43,3,1837.28,0,0.639825263029584
